,Game,Date,Player,Book,Type,OU,Line,Price,Projection,LineOdds,ProjOdds,BetValue,Last Update,Recommended
0,LAD@TOR,2025-10-25,Yoshinobu Yamamoto,FanDuel,pitcher_strikeouts,Under,5.5,126,4.25,0.442,0.745,0.303,10-25 13:43,Y
2,LAD@TOR,2025-10-25,Yoshinobu Yamamoto,DraftKings,pitcher_strikeouts,Under,5.5,121,4.25,0.452,0.745,0.293,10-25 13:43,Y
5,LAD@TOR,2025-10-25,Yoshinobu Yamamoto,BetMGM,pitcher_strikeouts,Under,5.5,115,4.25,0.465,0.745,0.27999999999999997,10-25 13:43,Y
4,LAD@TOR,2025-10-25,Yoshinobu Yamamoto,BetMGM,pitcher_outs,Under,18.5,-155,15.120000000000001,0.608,0.811,0.20300000000000007,10-25 13:43,N
1,LAD@TOR,2025-10-25,Yoshinobu Yamamoto,DraftKings,pitcher_outs,Under,18.5,-161,15.120000000000001,0.617,0.811,0.19400000000000006,10-25 13:43,N
1,LAD@TOR,2025-10-25,Kevin Gausman,FanDuel,pitcher_strikeouts,Under,5.5,-125,4.28,0.556,0.74,0.18399999999999994,10-25 13:43,Y
3,LAD@TOR,2025-10-25,Kevin Gausman,DraftKings,pitcher_strikeouts,Under,5.5,-129,4.28,0.563,0.74,0.17700000000000005,10-25 13:43,Y
4,LAD@TOR,2025-10-25,Kevin Gausman,BetMGM,pitcher_strikeouts,Under,5.5,-140,4.28,0.583,0.74,0.15700000000000003,10-25 13:43,Y
5,LAD@TOR,2025-10-25,Kevin Gausman,Caesars,pitcher_outs,Under,16.5,-122,14.879999999999999,0.55,0.676,0.126,10-25 13:43,N
2,LAD@TOR,2025-10-25,Kevin Gausman,DraftKings,pitcher_outs,Under,16.5,-129,14.879999999999999,0.563,0.676,0.1130000000000001,10-25 13:43,N
3,LAD@TOR,2025-10-25,Kevin Gausman,BetMGM,pitcher_outs,Under,16.5,-130,14.879999999999999,0.565,0.676,0.1110000000000001,10-25 13:43,N
0,LAD@TOR,2025-10-25,Kevin Gausman,FanDuel,pitcher_outs,Under,16.5,-130,14.879999999999999,0.565,0.676,0.1110000000000001,10-25 13:43,N
13,LAD@TOR,2025-10-25,Nathan Lukes,DraftKings,batter_walks,Over,0.5,295,0.44,0.253,0.356,0.10299999999999998,10-25 13:43,N
0,LAD@TOR,2025-10-25,Shohei Ohtani,DraftKings,batter_walks,Under,0.5,114,0.61,0.467,0.543,0.07600000000000001,10-25 13:43,N
1,LAD@TOR,2025-10-25,Yoshinobu Yamamoto,DraftKings,pitcher_hits_allowed,Under,5.5,-155,4.62,0.608,0.682,0.07400000000000007,10-25 13:43,N
3,LAD@TOR,2025-10-25,Yoshinobu Yamamoto,BetMGM,pitcher_hits_allowed,Under,5.5,-165,4.62,0.623,0.682,0.05900000000000005,10-25 13:43,N
119,LAD@TOR,2025-10-25,Nathan Lukes,DraftKings,batter_hits,Over,1.5,372,0.9899999999999999,0.212,0.261,0.049000000000000016,10-25 13:43,N
2,LAD@TOR,2025-10-25,Vladimir Guerrero Jr.,DraftKings,batter_walks,Under,0.5,-140,0.46,0.583,0.631,0.04800000000000004,10-25 13:43,N
31,LAD@TOR,2025-10-25,Ernie Clement,FanDuel,batter_hits,Over,1.5,420,0.9200000000000002,0.192,0.235,0.04299999999999998,10-25 13:43,N
1,LAD@TOR,2025-10-25,Kevin Gausman,DraftKings,pitcher_walks,Under,1.5,108,1.62,0.481,0.518,0.03700000000000003,10-25 13:43,N
129,LAD@TOR,2025-10-25,Addison Barger,DraftKings,batter_hits,Over,1.5,499,0.83,0.167,0.202,0.035,10-25 13:43,N
4,LAD@TOR,2025-10-25,Kevin Gausman,DraftKings,pitcher_hits_allowed,Over,5.5,206,4.87,0.327,0.361,0.033999999999999975,10-25 13:43,N
14,LAD@TOR,2025-10-25,Andy Pages,DraftKings,batter_walks,Under,0.5,-452,0.16,0.819,0.852,0.03300000000000003,10-25 13:43,N
5,LAD@TOR,2025-10-25,Kevin Gausman,DraftKings,pitcher_hits_allowed,Over,6.5,435,4.87,0.187,0.219,0.032,10-25 13:43,N
120,LAD@TOR,2025-10-25,Nathan Lukes,DraftKings,batter_hits,Over,2.5,2000,0.9899999999999999,0.048,0.078,0.03,10-25 13:43,N
48,LAD@TOR,2025-10-25,Ernie Clement,FanDuel,batter_hits,Over,2.5,2500,0.9200000000000002,0.038,0.066,0.028000000000000004,10-25 13:43,N
35,LAD@TOR,2025-10-25,Andres Gimenez,FanDuel,batter_hits,Over,1.5,500,0.81,0.167,0.195,0.027999999999999997,10-25 13:43,N
28,LAD@TOR,2025-10-25,Addison Barger,DraftKings,batter_strikeouts,Over,2.5,1360,1.08,0.068,0.096,0.027999999999999997,10-25 13:43,N
3,LAD@TOR,2025-10-25,Shohei Ohtani,BetMGM,batter_home_runs,Under,0.5,-250,0.3,0.714,0.741,0.027000000000000024,10-25 13:43,N
40,LAD@TOR,2025-10-25,Bo Bichette,FanDuel,batter_hits,Over,2.5,1400,1.0699999999999998,0.067,0.094,0.026999999999999996,10-25 13:43,N
16,LAD@TOR,2025-10-25,Vladimir Guerrero Jr.,BetMGM,batter_home_runs,Under,0.5,-450,0.17,0.818,0.844,0.026000000000000023,10-25 13:43,N
28,LAD@TOR,2025-10-25,Alejandro Kirk,FanDuel,batter_hits,Over,1.5,370,0.93,0.213,0.239,0.025999999999999995,10-25 13:43,N
108,LAD@TOR,2025-10-25,Bo Bichette,DraftKings,batter_hits,Over,2.5,1360,1.0699999999999998,0.068,0.094,0.025999999999999995,10-25 13:43,N
6,LAD@TOR,2025-10-25,Kevin Gausman,DraftKings,pitcher_hits_allowed,Over,7.5,960,4.87,0.094,0.12,0.025999999999999995,10-25 13:43,N
46,LAD@TOR,2025-10-25,Alejandro Kirk,FanDuel,batter_hits,Over,2.5,2200,0.93,0.043,0.068,0.02500000000000001,10-25 13:43,N
117,LAD@TOR,2025-10-25,Ernie Clement,DraftKings,batter_hits,Over,1.5,377,0.9200000000000002,0.21,0.235,0.024999999999999994,10-25 13:43,N
10,LAD@TOR,2025-10-25,Daulton Varsho,DraftKings,batter_walks,Over,0.5,269,0.35,0.271,0.295,0.023999999999999966,10-25 13:43,N
28,LAD@TOR,2025-10-25,Nathan Lukes,DraftKings,batter_singles,Over,0.5,110,0.69,0.476,0.498,0.02200000000000002,10-25 13:43,N
45,LAD@TOR,2025-10-25,Nathan Lukes,FanDuel,batter_hits,Over,2.5,1700,0.9899999999999999,0.056,0.078,0.022,10-25 13:43,N
29,LAD@TOR,2025-10-25,Andy Pages,FanDuel,batter_hits,Over,1.5,410,0.87,0.196,0.217,0.02099999999999999,10-25 13:43,N
32,LAD@TOR,2025-10-25,Addison Barger,FanDuel,batter_hits,Over,1.5,450,0.83,0.182,0.202,0.020000000000000018,10-25 13:43,N
154,LAD@TOR,2025-10-25,Addison Barger,Caesars,batter_hits,Over,1.5,450,0.83,0.182,0.202,0.020000000000000018,10-25 13:43,N
47,LAD@TOR,2025-10-25,Andy Pages,FanDuel,batter_hits,Over,2.5,2500,0.87,0.038,0.058,0.020000000000000004,10-25 13:43,N
53,LAD@TOR,2025-10-25,Andres Gimenez,FanDuel,batter_hits,Over,2.5,3300,0.81,0.029,0.049,0.02,10-25 13:43,N
22,LAD@TOR,2025-10-25,Bo Bichette,FanDuel,batter_hits,Over,1.5,270,1.0699999999999998,0.27,0.29,0.019999999999999962,10-25 13:43,N
118,LAD@TOR,2025-10-25,Ernie Clement,DraftKings,batter_hits,Over,2.5,2000,0.9200000000000002,0.048,0.066,0.018000000000000002,10-25 13:43,N
22,LAD@TOR,2025-10-25,Daulton Varsho,BetMGM,batter_home_runs,Over,0.5,625,0.17,0.138,0.156,0.017999999999999988,10-25 13:43,N
45,LAD@TOR,2025-10-25,Daulton Varsho,Caesars,batter_home_runs,Over,0.5,625,0.17,0.138,0.156,0.017999999999999988,10-25 13:43,N
65,LAD@TOR,2025-10-25,Nathan Lukes,DraftKings,batter_hits,Over,0.5,-157,0.9899999999999999,0.611,0.628,0.017000000000000015,10-25 13:43,N
16,LAD@TOR,2025-10-25,Ernie Clement,DraftKings,batter_walks,Under,0.5,-542,0.15,0.844,0.861,0.017000000000000015,10-25 13:43,N
34,LAD@TOR,2025-10-25,Addison Barger,DraftKings,batter_singles,Over,0.5,170,0.49,0.37,0.387,0.017000000000000015,10-25 13:43,N
7,LAD@TOR,2025-10-25,Kevin Gausman,DraftKings,pitcher_hits_allowed,Over,8.5,2200,4.87,0.043,0.06,0.017,10-25 13:43,N
73,LAD@TOR,2025-10-25,Daulton Varsho,DraftKings,batter_home_runs,Over,0.5,620,0.17,0.139,0.156,0.016999999999999987,10-25 13:43,N
51,LAD@TOR,2025-10-25,Addison Barger,FanDuel,batter_hits,Over,2.5,2700,0.83,0.036,0.052,0.016,10-25 13:43,N
130,LAD@TOR,2025-10-25,Addison Barger,DraftKings,batter_hits,Over,2.5,2700,0.83,0.036,0.052,0.016,10-25 13:43,N
70,LAD@TOR,2025-10-25,Addison Barger,DraftKings,batter_hits,Over,0.5,-121,0.83,0.548,0.564,0.015999999999999903,10-25 13:43,N
127,LAD@TOR,2025-10-25,Daulton Varsho,DraftKings,batter_hits,Over,1.5,493,0.78,0.169,0.184,0.014999999999999986,10-25 13:43,N
34,LAD@TOR,2025-10-25,Vladimir Guerrero Jr.,BetMGM,batter_singles,Under,0.5,105,0.69,0.488,0.502,0.014000000000000012,10-25 13:43,N
47,LAD@TOR,2025-10-25,Andres Gimenez,BetMGM,batter_singles,Over,0.5,135,0.58,0.426,0.44,0.014000000000000012,10-25 13:43,N
3,LAD@TOR,2025-10-25,Kevin Gausman,DraftKings,pitcher_hits_allowed,Over,4.5,-109,4.87,0.522,0.536,0.014000000000000012,10-25 13:43,N
16,LAD@TOR,2025-10-25,Addison Barger,FanDuel,batter_doubles,Over,0.5,500,0.2,0.167,0.181,0.013999999999999985,10-25 13:43,N
153,LAD@TOR,2025-10-25,Addison Barger,Caesars,batter_hits,Over,0.5,-122,0.83,0.55,0.564,0.013999999999999901,10-25 13:43,N
8,LAD@TOR,2025-10-25,Daulton Varsho,FanDuel,batter_home_runs,Over,0.5,600,0.17,0.143,0.156,0.013000000000000012,10-25 13:43,N
167,LAD@TOR,2025-10-25,Andres Gimenez,Caesars,batter_hits,Over,1.5,450,0.81,0.182,0.195,0.013000000000000012,10-25 13:43,N
77,LAD@TOR,2025-10-25,Enrique Hernandez,DraftKings,batter_home_runs,Over,0.5,1000,0.11,0.091,0.104,0.012999999999999998,10-25 13:43,N
39,LAD@TOR,2025-10-25,Vladimir Guerrero Jr.,FanDuel,batter_hits,Over,2.5,1100,1.0799999999999998,0.083,0.096,0.012999999999999998,10-25 13:43,N
21,LAD@TOR,2025-10-25,Shohei Ohtani,BetMGM,batter_hits,Under,0.5,190,1.03,0.345,0.357,0.01200000000000001,10-25 13:43,N
42,LAD@TOR,2025-10-25,George Springer,FanDuel,batter_hits,Over,2.5,1600,0.9400000000000001,0.059,0.07,0.01100000000000001,10-25 13:43,N
52,LAD@TOR,2025-10-25,Enrique Hernandez,FanDuel,batter_hits,Over,2.5,3000,0.77,0.032,0.043,0.010999999999999996,10-25 13:43,N
26,LAD@TOR,2025-10-25,Shohei Ohtani,DraftKings,batter_doubles,Over,0.5,416,0.23,0.194,0.205,0.010999999999999982,10-25 13:43,N
83,LAD@TOR,2025-10-25,Andres Gimenez,BetMGM,batter_hits,Over,0.5,-120,0.81,0.545,0.555,0.010000000000000009,10-25 13:43,N
9,LAD@TOR,2025-10-25,Tommy Edman,DraftKings,batter_walks,Under,0.5,-383,0.22,0.793,0.803,0.010000000000000009,10-25 13:43,N
35,LAD@TOR,2025-10-25,Bo Bichette,BetMGM,batter_hits,Under,0.5,200,1.0699999999999998,0.333,0.343,0.010000000000000009,10-25 13:43,N
112,LAD@TOR,2025-10-25,Alejandro Kirk,DraftKings,batter_hits,Over,2.5,1620,0.93,0.058,0.068,0.010000000000000002,10-25 13:43,N
7,LAD@TOR,2025-10-25,Daulton Varsho,DraftKings,batter_strikeouts,Over,3.5,3800,1.23,0.026,0.036,0.009999999999999998,10-25 13:43,N
32,LAD@TOR,2025-10-25,Addison Barger,DraftKings,batter_doubles,Over,0.5,485,0.2,0.171,0.181,0.009999999999999981,10-25 13:43,N
23,LAD@TOR,2025-10-25,George Springer,BetMGM,batter_singles,Under,0.5,-125,0.57,0.556,0.566,0.009999999999999898,10-25 13:43,N
34,LAD@TOR,2025-10-25,Daulton Varsho,FanDuel,batter_hits,Over,1.5,470,0.78,0.175,0.184,0.009000000000000008,10-25 13:43,N
116,LAD@TOR,2025-10-25,Tommy Edman,DraftKings,batter_hits,Over,2.5,1860,0.88,0.051,0.06,0.009000000000000001,10-25 13:43,N
50,LAD@TOR,2025-10-25,Daulton Varsho,FanDuel,batter_hits,Over,2.5,2700,0.78,0.036,0.045,0.009000000000000001,10-25 13:43,N
2,LAD@TOR,2025-10-25,Kevin Gausman,DraftKings,pitcher_hits_allowed,Over,3.5,-243,4.87,0.708,0.716,0.008000000000000007,10-25 13:43,N
128,LAD@TOR,2025-10-25,Daulton Varsho,DraftKings,batter_hits,Over,2.5,2600,0.78,0.037,0.045,0.008,10-25 13:43,N
13,LAD@TOR,2025-10-25,Teoscar Hernandez,DraftKings,batter_strikeouts,Over,2.5,900,1.14,0.1,0.108,0.007999999999999993,10-25 13:43,N
25,LAD@TOR,2025-10-25,Addison Barger,BetMGM,batter_home_runs,Over,0.5,775,0.13,0.114,0.122,0.007999999999999993,10-25 13:43,N
79,LAD@TOR,2025-10-25,Addison Barger,BetMGM,batter_hits,Over,0.5,-125,0.83,0.556,0.564,0.007999999999999896,10-25 13:43,N
133,LAD@TOR,2025-10-25,Nathan Lukes,Caesars,batter_hits,Over,2.5,1300,0.9899999999999999,0.071,0.078,0.007000000000000006,10-25 13:43,N
23,LAD@TOR,2025-10-25,George Springer,BetMGM,batter_hits,Under,0.5,160,0.9400000000000001,0.385,0.391,0.006000000000000005,10-25 13:43,N
114,LAD@TOR,2025-10-25,Andy Pages,DraftKings,batter_hits,Over,2.5,1820,0.87,0.052,0.058,0.006000000000000005,10-25 13:43,N
43,LAD@TOR,2025-10-25,Teoscar Hernandez,FanDuel,batter_hits,Over,2.5,1600,0.91,0.059,0.065,0.006000000000000005,10-25 13:43,N
28,LAD@TOR,2025-10-25,Nathan Lukes,BetMGM,batter_home_runs,Over,0.5,1150,0.09,0.08,0.086,0.0059999999999999915,10-25 13:43,N
70,LAD@TOR,2025-10-25,George Springer,DraftKings,batter_home_runs,Over,0.5,561,0.17,0.151,0.156,0.0050000000000000044,10-25 13:43,N
7,LAD@TOR,2025-10-25,George Springer,FanDuel,batter_home_runs,Over,0.5,560,0.17,0.152,0.156,0.0040000000000000036,10-25 13:43,N
111,LAD@TOR,2025-10-25,Alejandro Kirk,DraftKings,batter_hits,Over,1.5,325,0.93,0.235,0.239,0.0040000000000000036,10-25 13:43,N
74,LAD@TOR,2025-10-25,Bo Bichette,DraftKings,batter_home_runs,Over,0.5,820,0.12,0.109,0.113,0.0040000000000000036,10-25 13:43,N
40,LAD@TOR,2025-10-25,Andy Pages,DraftKings,batter_strikeouts,Over,2.5,2000,0.83,0.048,0.052,0.003999999999999997,10-25 13:43,N
44,LAD@TOR,2025-10-25,Tommy Edman,FanDuel,batter_hits,Over,2.5,1700,0.88,0.056,0.06,0.003999999999999997,10-25 13:43,N
14,LAD@TOR,2025-10-25,Enrique Hernandez,FanDuel,batter_home_runs,Over,0.5,900,0.11,0.1,0.104,0.00399999999999999,10-25 13:43,N
110,LAD@TOR,2025-10-25,Teoscar Hernandez,DraftKings,batter_hits,Over,2.5,1520,0.91,0.062,0.065,0.0030000000000000027,10-25 13:43,N
107,LAD@TOR,2025-10-25,Bo Bichette,DraftKings,batter_hits,Over,1.5,249,1.0699999999999998,0.287,0.29,0.0030000000000000027,10-25 13:43,N
126,LAD@TOR,2025-10-25,Enrique Hernandez,DraftKings,batter_hits,Over,2.5,2400,0.77,0.04,0.043,0.0029999999999999957,10-25 13:43,N
51,LAD@TOR,2025-10-25,Nathan Lukes,Caesars,batter_home_runs,Over,0.5,1100,0.09,0.083,0.086,0.002999999999999989,10-25 13:43,N
38,LAD@TOR,2025-10-25,Shohei Ohtani,FanDuel,batter_hits,Over,2.5,1100,1.03,0.083,0.086,0.002999999999999989,10-25 13:43,N
13,LAD@TOR,2025-10-25,Freddie Freeman,BetMGM,batter_home_runs,Under,0.5,-650,0.14,0.867,0.869,0.0020000000000000018,10-25 13:43,N
15,LAD@TOR,2025-10-25,Nathan Lukes,FanDuel,batter_doubles,Over,0.5,460,0.2,0.179,0.181,0.0020000000000000018,10-25 13:43,N
19,LAD@TOR,2025-10-25,Freddie Freeman,DraftKings,batter_doubles,Over,0.5,375,0.24,0.211,0.213,0.0020000000000000018,10-25 13:43,N
95,LAD@TOR,2025-10-25,Vladimir Guerrero Jr.,DraftKings,batter_hits,Over,3.5,4500,1.0799999999999998,0.022,0.024,0.0020000000000000018,10-25 13:43,N
101,LAD@TOR,2025-10-25,Freddie Freeman,DraftKings,batter_hits,Over,3.5,5400,1.02,0.018,0.02,0.0020000000000000018,10-25 13:43,N
43,LAD@TOR,2025-10-25,Addison Barger,BetMGM,batter_singles,Over,0.5,160,0.49,0.385,0.387,0.0020000000000000018,10-25 13:43,N
98,LAD@TOR,2025-10-25,Mookie Betts,DraftKings,batter_hits,Over,3.5,4600,1.06,0.021,0.023,0.0019999999999999983,10-25 13:43,N
100,LAD@TOR,2025-10-25,Freddie Freeman,DraftKings,batter_hits,Over,2.5,1100,1.02,0.083,0.084,0.0010000000000000009,10-25 13:43,N
168,LAD@TOR,2025-10-25,Andres Gimenez,Caesars,batter_hits,Over,0.5,-124,0.81,0.554,0.555,0.0010000000000000009,10-25 13:43,N
79,LAD@TOR,2025-10-25,Ernie Clement,DraftKings,batter_home_runs,Over,0.5,1400,0.07,0.067,0.068,0.0010000000000000009,10-25 13:43,N
41,LAD@TOR,2025-10-25,Will Smith,FanDuel,batter_hits,Over,2.5,1500,0.9,0.062,0.063,0.0010000000000000009,10-25 13:43,N
36,LAD@TOR,2025-10-25,Mookie Betts,FanDuel,batter_hits,Over,2.5,1000,1.06,0.091,0.092,0.0010000000000000009,10-25 13:43,N
132,LAD@TOR,2025-10-25,Nathan Lukes,Caesars,batter_hits,Over,1.5,285,0.9899999999999999,0.26,0.261,0.0010000000000000009,10-25 13:43,N
7,LAD@TOR,2025-10-25,Bo Bichette,FanDuel,batter_doubles,Over,0.5,410,0.22,0.196,0.197,0.0010000000000000009,10-25 13:43,N
2,LAD@TOR,2025-10-25,Shohei Ohtani,DraftKings,batter_hits,Under,0.5,181,1.03,0.356,0.357,0.0010000000000000009,10-25 13:43,N
37,LAD@TOR,2025-10-25,Freddie Freeman,FanDuel,batter_hits,Over,2.5,1100,1.02,0.083,0.084,0.0010000000000000009,10-25 13:43,N
33,LAD@TOR,2025-10-25,Enrique Hernandez,FanDuel,batter_hits,Over,1.5,460,0.77,0.179,0.18,0.0010000000000000009,10-25 13:43,N
30,LAD@TOR,2025-10-25,Teoscar Hernandez,BetMGM,batter_singles,Under,0.5,-140,0.54,0.583,0.583,0.0,10-25 13:43,N
78,LAD@TOR,2025-10-25,Nathan Lukes,DraftKings,batter_home_runs,Over,0.5,1060,0.09,0.086,0.086,0.0,10-25 13:43,N
1,LAD@TOR,2025-10-25,Mookie Betts,DraftKings,batter_hits,Under,0.5,189,1.06,0.346,0.346,0.0,10-25 13:43,N
106,LAD@TOR,2025-10-25,George Springer,DraftKings,batter_hits,Over,2.5,1300,0.9400000000000001,0.071,0.07,-0.000999999999999987,10-25 13:43,N
138,LAD@TOR,2025-10-25,Ernie Clement,Caesars,batter_hits,Over,2.5,1400,0.9200000000000002,0.067,0.066,-0.0010000000000000009,10-25 13:43,N
20,LAD@TOR,2025-10-25,Will Smith,BetMGM,batter_hits,Under,0.5,145,0.9,0.408,0.407,-0.0010000000000000009,10-25 13:43,N
31,LAD@TOR,2025-10-25,Tommy Edman,DraftKings,batter_doubles,Over,0.5,474,0.19,0.174,0.173,-0.0010000000000000009,10-25 13:43,N
17,LAD@TOR,2025-10-25,Andres Gimenez,FanDuel,batter_hits,Over,0.5,-125,0.81,0.556,0.555,-0.0010000000000000009,10-25 13:43,N
43,LAD@TOR,2025-10-25,Addison Barger,BetMGM,batter_doubles,Over,0.5,450,0.2,0.182,0.181,-0.0010000000000000009,10-25 13:43,N
52,LAD@TOR,2025-10-25,Vladimir Guerrero Jr.,BetMGM,batter_doubles,Over,0.5,425,0.21,0.19,0.189,-0.0010000000000000009,10-25 13:43,N
3,LAD@TOR,2025-10-25,Shohei Ohtani,DraftKings,batter_strikeouts,Over,3.5,3100,1.14,0.031,0.029,-0.0019999999999999983,10-25 13:43,N
92,LAD@TOR,2025-10-25,Shohei Ohtani,DraftKings,batter_hits,Over,3.5,4300,1.03,0.023,0.021,-0.0019999999999999983,10-25 13:43,N
23,LAD@TOR,2025-10-25,Nathan Lukes,FanDuel,batter_hits,Over,1.5,280,0.9899999999999999,0.263,0.261,-0.0020000000000000018,10-25 13:43,N
27,LAD@TOR,2025-10-25,Nathan Lukes,DraftKings,batter_doubles,Over,0.5,445,0.2,0.183,0.181,-0.0020000000000000018,10-25 13:43,N
46,LAD@TOR,2025-10-25,Nathan Lukes,BetMGM,batter_singles,Over,0.5,100,0.69,0.5,0.498,-0.0020000000000000018,10-25 13:43,N
18,LAD@TOR,2025-10-25,Tommy Edman,BetMGM,batter_hits,Under,0.5,140,0.88,0.417,0.415,-0.0020000000000000018,10-25 13:43,N
75,LAD@TOR,2025-10-25,Alejandro Kirk,DraftKings,batter_home_runs,Over,0.5,840,0.11,0.106,0.104,-0.0020000000000000018,10-25 13:43,N
24,LAD@TOR,2025-10-25,Ernie Clement,BetMGM,batter_home_runs,Over,0.5,1300,0.07,0.071,0.068,-0.002999999999999989,10-25 13:43,N
52,LAD@TOR,2025-10-25,Ernie Clement,Caesars,batter_home_runs,Over,0.5,1300,0.07,0.071,0.068,-0.002999999999999989,10-25 13:43,N
54,LAD@TOR,2025-10-25,George Springer,Caesars,batter_home_runs,Over,1.5,6000,0.17,0.016,0.013,-0.003000000000000001,10-25 13:43,N
5,LAD@TOR,2025-10-25,Freddie Freeman,DraftKings,batter_walks,Over,0.5,174,0.45,0.365,0.362,-0.0030000000000000027,10-25 13:43,N
46,LAD@TOR,2025-10-25,Addison Barger,Caesars,batter_home_runs,Over,0.5,700,0.13,0.125,0.122,-0.0030000000000000027,10-25 13:43,N
1,LAD@TOR,2025-10-25,Kevin Gausman,DraftKings,pitcher_hits_allowed,Over,2.5,-650,4.87,0.867,0.864,-0.0030000000000000027,10-25 13:43,N
10,LAD@TOR,2025-10-25,Andy Pages,FanDuel,batter_home_runs,Over,0.5,700,0.13,0.125,0.122,-0.0030000000000000027,10-25 13:43,N
8,LAD@TOR,2025-10-25,Vladimir Guerrero Jr.,FanDuel,batter_doubles,Over,0.5,420,0.21,0.192,0.189,-0.0030000000000000027,10-25 13:43,N
71,LAD@TOR,2025-10-25,Daulton Varsho,DraftKings,batter_hits,Over,0.5,-120,0.78,0.545,0.542,-0.0030000000000000027,10-25 13:43,N
31,LAD@TOR,2025-10-25,Freddie Freeman,BetMGM,batter_hits,Under,0.5,175,1.02,0.364,0.361,-0.0030000000000000027,10-25 13:43,N
56,LAD@TOR,2025-10-25,Andy Pages,Caesars,batter_home_runs,Over,1.5,8000,0.13,0.012,0.008,-0.004,10-25 13:43,N
7,LAD@TOR,2025-10-25,Addison Barger,DraftKings,batter_walks,Under,0.5,-329,0.27,0.767,0.763,-0.0040000000000000036,10-25 13:43,N
12,LAD@TOR,2025-10-25,Enrique Hernandez,DraftKings,batter_walks,Under,0.5,-419,0.22,0.807,0.803,-0.0040000000000000036,10-25 13:43,N
12,LAD@TOR,2025-10-25,Andres Gimenez,FanDuel,batter_singles,Over,0.5,125,0.58,0.444,0.44,-0.0040000000000000036,10-25 13:43,N
97,LAD@TOR,2025-10-25,Mookie Betts,DraftKings,batter_hits,Over,2.5,940,1.06,0.096,0.092,-0.0040000000000000036,10-25 13:43,N
27,LAD@TOR,2025-10-25,Addison Barger,DraftKings,batter_strikeouts,Over,1.5,236,1.08,0.298,0.294,-0.0040000000000000036,10-25 13:43,N
15,LAD@TOR,2025-10-25,Mookie Betts,BetMGM,batter_home_runs,Under,0.5,-750,0.13,0.882,0.878,-0.0040000000000000036,10-25 13:43,N
30,LAD@TOR,2025-10-25,Teoscar Hernandez,BetMGM,batter_hits,Under,0.5,145,0.91,0.408,0.403,-0.004999999999999949,10-25 13:43,N
11,LAD@TOR,2025-10-25,Bo Bichette,FanDuel,batter_home_runs,Over,0.5,750,0.12,0.118,0.113,-0.0049999999999999906,10-25 13:43,N
49,LAD@TOR,2025-10-25,Bo Bichette,Caesars,batter_home_runs,Over,0.5,750,0.12,0.118,0.113,-0.0049999999999999906,10-25 13:43,N
104,LAD@TOR,2025-10-25,Will Smith,DraftKings,batter_hits,Over,3.5,5500,0.9,0.018,0.013,-0.004999999999999999,10-25 13:43,N
4,LAD@TOR,2025-10-25,Will Smith,DraftKings,batter_walks,Over,0.5,159,0.48,0.386,0.381,-0.0050000000000000044,10-25 13:43,N
8,LAD@TOR,2025-10-25,Alejandro Kirk,DraftKings,batter_walks,Over,0.5,233,0.35,0.3,0.295,-0.0050000000000000044,10-25 13:43,N
23,LAD@TOR,2025-10-25,Bo Bichette,DraftKings,batter_doubles,Over,0.5,395,0.22,0.202,0.197,-0.0050000000000000044,10-25 13:43,N
6,LAD@TOR,2025-10-25,Daulton Varsho,DraftKings,batter_strikeouts,Over,2.5,660,1.23,0.132,0.127,-0.0050000000000000044,10-25 13:43,N
8,LAD@TOR,2025-10-25,Ernie Clement,FanDuel,batter_singles,Over,0.5,105,0.66,0.488,0.483,-0.0050000000000000044,10-25 13:43,N
4,LAD@TOR,2025-10-25,George Springer,DraftKings,batter_singles,Under,0.5,-133,0.57,0.571,0.566,-0.0050000000000000044,10-25 13:43,N
25,LAD@TOR,2025-10-25,Enrique Hernandez,DraftKings,batter_strikeouts,Over,2.5,1300,0.91,0.071,0.065,-0.0059999999999999915,10-25 13:43,N
58,LAD@TOR,2025-10-25,Will Smith,Caesars,batter_home_runs,Over,1.5,6000,0.15,0.016,0.01,-0.006,10-25 13:43,N
49,LAD@TOR,2025-10-25,Tommy Edman,DraftKings,batter_strikeouts,Over,2.5,2900,0.64,0.033,0.027,-0.006000000000000002,10-25 13:43,N
151,LAD@TOR,2025-10-25,Daulton Varsho,Caesars,batter_hits,Over,1.5,425,0.78,0.19,0.184,-0.006000000000000005,10-25 13:43,N
5,LAD@TOR,2025-10-25,George Springer,DraftKings,batter_hits,Under,0.5,152,0.9400000000000001,0.397,0.391,-0.006000000000000005,10-25 13:43,N
17,LAD@TOR,2025-10-25,Andres Gimenez,FanDuel,batter_doubles,Over,0.5,550,0.16,0.154,0.148,-0.006000000000000005,10-25 13:43,N
2,LAD@TOR,2025-10-25,Will Smith,BetMGM,batter_home_runs,Under,0.5,-650,0.15,0.867,0.861,-0.006000000000000005,10-25 13:43,N
3,LAD@TOR,2025-10-25,Yoshinobu Yamamoto,DraftKings,pitcher_walks,Over,3.5,940,1.68,0.096,0.09,-0.006000000000000005,10-25 13:43,N
94,LAD@TOR,2025-10-25,Vladimir Guerrero Jr.,DraftKings,batter_hits,Over,2.5,870,1.0799999999999998,0.103,0.096,-0.006999999999999992,10-25 13:43,N
103,LAD@TOR,2025-10-25,Will Smith,DraftKings,batter_hits,Over,2.5,1320,0.9,0.07,0.063,-0.007000000000000006,10-25 13:43,N
113,LAD@TOR,2025-10-25,Andy Pages,DraftKings,batter_hits,Over,1.5,347,0.87,0.224,0.217,-0.007000000000000006,10-25 13:43,N
11,LAD@TOR,2025-10-25,Ernie Clement,FanDuel,batter_hits,Over,0.5,-155,0.9200000000000002,0.608,0.601,-0.007000000000000006,10-25 13:43,N
35,LAD@TOR,2025-10-25,Bo Bichette,BetMGM,batter_home_runs,Over,0.5,725,0.12,0.121,0.113,-0.007999999999999993,10-25 13:43,N
26,LAD@TOR,2025-10-25,George Springer,FanDuel,batter_hits,Over,1.5,300,0.9400000000000001,0.25,0.242,-0.008000000000000007,10-25 13:43,N
115,LAD@TOR,2025-10-25,Tommy Edman,DraftKings,batter_hits,Over,1.5,338,0.88,0.228,0.22,-0.008000000000000007,10-25 13:43,N
6,LAD@TOR,2025-10-25,Will Smith,DraftKings,batter_hits,Under,0.5,141,0.9,0.415,0.407,-0.008000000000000007,10-25 13:43,N
0,LAD@TOR,2025-10-25,Kevin Gausman,DraftKings,pitcher_hits_allowed,Over,1.5,-2600,4.87,0.963,0.955,-0.008000000000000007,10-25 13:43,N
34,LAD@TOR,2025-10-25,Vladimir Guerrero Jr.,BetMGM,batter_hits,Under,1.5,-250,1.0799999999999998,0.714,0.706,-0.008000000000000007,10-25 13:43,N
66,LAD@TOR,2025-10-25,Ernie Clement,DraftKings,batter_hits,Over,0.5,-156,0.9200000000000002,0.609,0.601,-0.008000000000000007,10-25 13:43,N
10,LAD@TOR,2025-10-25,Alejandro Kirk,FanDuel,batter_singles,Over,0.5,110,0.63,0.476,0.467,-0.008999999999999952,10-25 13:43,N
143,LAD@TOR,2025-10-25,Alejandro Kirk,Caesars,batter_hits,Over,2.5,1200,0.93,0.077,0.068,-0.008999999999999994,10-25 13:43,N
57,LAD@TOR,2025-10-25,Freddie Freeman,Caesars,batter_home_runs,Over,1.5,5500,0.14,0.018,0.009,-0.009,10-25 13:43,N
15,LAD@TOR,2025-10-25,Addison Barger,FanDuel,batter_stolen_bases,Over,0.5,2000,0.04,0.048,0.039,-0.009000000000000001,10-25 13:43,N
14,LAD@TOR,2025-10-25,Freddie Freeman,FanDuel,batter_stolen_bases,Over,0.5,1400,0.06,0.067,0.058,-0.009000000000000001,10-25 13:43,N
17,LAD@TOR,2025-10-25,Andres Gimenez,FanDuel,batter_home_runs,Over,0.5,1400,0.06,0.067,0.058,-0.009000000000000001,10-25 13:43,N
161,LAD@TOR,2025-10-25,Andy Pages,Caesars,batter_hits,Over,2.5,1400,0.87,0.067,0.058,-0.009000000000000001,10-25 13:43,N
17,LAD@TOR,2025-10-25,Kevin Gausman,BetMGM,pitcher_hits_allowed,Over,4.5,-120,4.87,0.545,0.536,-0.009000000000000008,10-25 13:43,N
48,LAD@TOR,2025-10-25,Teoscar Hernandez,BetMGM,batter_doubles,Over,0.5,425,0.2,0.19,0.181,-0.009000000000000008,10-25 13:43,N
44,LAD@TOR,2025-10-25,Andy Pages,BetMGM,batter_doubles,Over,0.5,450,0.19,0.182,0.173,-0.009000000000000008,10-25 13:43,N
91,LAD@TOR,2025-10-25,Shohei Ohtani,DraftKings,batter_hits,Over,2.5,950,1.03,0.095,0.086,-0.009000000000000008,10-25 13:43,N
12,LAD@TOR,2025-10-25,Andy Pages,FanDuel,batter_doubles,Over,0.5,450,0.19,0.182,0.173,-0.009000000000000008,10-25 13:43,N
60,LAD@TOR,2025-10-25,Teoscar Hernandez,Caesars,batter_home_runs,Over,1.5,4500,0.16,0.022,0.012,-0.009999999999999998,10-25 13:43,N
61,LAD@TOR,2025-10-25,Mookie Betts,Caesars,batter_home_runs,Over,1.5,5500,0.13,0.018,0.008,-0.009999999999999998,10-25 13:43,N
10,LAD@TOR,2025-10-25,Alejandro Kirk,FanDuel,batter_hits,Over,0.5,-160,0.93,0.615,0.605,-0.010000000000000009,10-25 13:43,N
131,LAD@TOR,2025-10-25,Nathan Lukes,Caesars,batter_hits,Over,0.5,-176,0.9899999999999999,0.638,0.628,-0.010000000000000009,10-25 13:43,N
125,LAD@TOR,2025-10-25,Enrique Hernandez,DraftKings,batter_hits,Over,1.5,427,0.77,0.19,0.18,-0.010000000000000009,10-25 13:43,N
28,LAD@TOR,2025-10-25,Andy Pages,DraftKings,batter_doubles,Over,0.5,446,0.19,0.183,0.173,-0.010000000000000009,10-25 13:43,N
12,LAD@TOR,2025-10-25,Teoscar Hernandez,BetMGM,batter_home_runs,Under,0.5,-625,0.16,0.862,0.852,-0.010000000000000009,10-25 13:43,N
11,LAD@TOR,2025-10-25,Teoscar Hernandez,DraftKings,batter_walks,Under,0.5,-412,0.23,0.805,0.795,-0.010000000000000009,10-25 13:43,N
29,LAD@TOR,2025-10-25,Andres Gimenez,BetMGM,batter_home_runs,Over,0.5,1350,0.06,0.069,0.058,-0.011000000000000003,10-25 13:43,N
43,LAD@TOR,2025-10-25,George Springer,Caesars,batter_home_runs,Over,0.5,500,0.17,0.167,0.156,-0.01100000000000001,10-25 13:43,N
21,LAD@TOR,2025-10-25,Shohei Ohtani,BetMGM,batter_singles,Under,0.5,-175,0.47,0.636,0.625,-0.01100000000000001,10-25 13:43,N
23,LAD@TOR,2025-10-25,George Springer,BetMGM,batter_home_runs,Over,0.5,500,0.17,0.167,0.156,-0.01100000000000001,10-25 13:43,N
35,LAD@TOR,2025-10-25,Daulton Varsho,DraftKings,batter_singles,Over,0.5,172,0.44,0.368,0.356,-0.01200000000000001,10-25 13:43,N
139,LAD@TOR,2025-10-25,Ernie Clement,Caesars,batter_hits,Over,1.5,305,0.9200000000000002,0.247,0.235,-0.01200000000000001,10-25 13:43,N
2,LAD@TOR,2025-10-25,Yoshinobu Yamamoto,DraftKings,pitcher_walks,Over,2.5,300,1.68,0.25,0.238,-0.01200000000000001,10-25 13:43,N
23,LAD@TOR,2025-10-25,Ernie Clement,DraftKings,batter_singles,Over,0.5,102,0.66,0.495,0.483,-0.01200000000000001,10-25 13:43,N
47,LAD@TOR,2025-10-25,Andres Gimenez,BetMGM,batter_doubles,Over,0.5,525,0.16,0.16,0.148,-0.01200000000000001,10-25 13:43,N
0,LAD@TOR,2025-10-25,Vladimir Guerrero Jr.,DraftKings,batter_hits,Under,1.5,-254,1.0799999999999998,0.718,0.706,-0.01200000000000001,10-25 13:43,N
27,LAD@TOR,2025-10-25,Alejandro Kirk,BetMGM,batter_hits,Under,0.5,145,0.93,0.408,0.395,-0.012999999999999956,10-25 13:43,N
53,LAD@TOR,2025-10-25,Andres Gimenez,Caesars,batter_home_runs,Over,0.5,1300,0.06,0.071,0.058,-0.01299999999999999,10-25 13:43,N
19,LAD@TOR,2025-10-25,Will Smith,DraftKings,batter_strikeouts,Over,2.5,1260,0.89,0.074,0.061,-0.012999999999999998,10-25 13:43,N
0,LAD@TOR,2025-10-25,Vladimir Guerrero Jr.,DraftKings,batter_singles,Under,0.5,-106,0.69,0.515,0.502,-0.013000000000000012,10-25 13:43,N
31,LAD@TOR,2025-10-25,Freddie Freeman,BetMGM,batter_doubles,Under,0.5,-400,0.24,0.8,0.787,-0.013000000000000012,10-25 13:43,N
35,LAD@TOR,2025-10-25,Bo Bichette,BetMGM,batter_singles,Under,0.5,100,0.72,0.5,0.487,-0.013000000000000012,10-25 13:43,N
1,LAD@TOR,2025-10-25,Shohei Ohtani,FanDuel,batter_stolen_bases,Over,0.5,490,0.17,0.169,0.156,-0.013000000000000012,10-25 13:43,N
13,LAD@TOR,2025-10-25,Ernie Clement,FanDuel,batter_doubles,Over,0.5,460,0.18,0.179,0.165,-0.013999999999999985,10-25 13:43,N
14,LAD@TOR,2025-10-25,Alejandro Kirk,FanDuel,batter_doubles,Over,0.5,460,0.18,0.179,0.165,-0.013999999999999985,10-25 13:43,N
11,LAD@TOR,2025-10-25,Ernie Clement,FanDuel,batter_stolen_bases,Over,0.5,1280,0.06,0.072,0.058,-0.013999999999999992,10-25 13:43,N
22,LAD@TOR,2025-10-25,Freddie Freeman,DraftKings,batter_strikeouts,Over,2.5,1280,0.87,0.072,0.058,-0.013999999999999992,10-25 13:43,N
26,LAD@TOR,2025-10-25,Mookie Betts,BetMGM,batter_stolen_bases,Over,0.5,1000,0.08,0.091,0.077,-0.013999999999999999,10-25 13:43,N
12,LAD@TOR,2025-10-25,Alejandro Kirk,FanDuel,batter_home_runs,Over,0.5,750,0.11,0.118,0.104,-0.013999999999999999,10-25 13:43,N
48,LAD@TOR,2025-10-25,Enrique Hernandez,Caesars,batter_home_runs,Over,0.5,750,0.11,0.118,0.104,-0.013999999999999999,10-25 13:43,N
47,LAD@TOR,2025-10-25,Alejandro Kirk,Caesars,batter_home_runs,Over,0.5,750,0.11,0.118,0.104,-0.013999999999999999,10-25 13:43,N
15,LAD@TOR,2025-10-25,Nathan Lukes,FanDuel,batter_home_runs,Over,0.5,900,0.09,0.1,0.086,-0.014000000000000012,10-25 13:43,N
40,LAD@TOR,2025-10-25,Daulton Varsho,BetMGM,batter_singles,Over,0.5,170,0.44,0.37,0.356,-0.014000000000000012,10-25 13:43,N
30,LAD@TOR,2025-10-25,Ernie Clement,DraftKings,batter_doubles,Over,0.5,455,0.18,0.18,0.165,-0.014999999999999986,10-25 13:43,N
18,LAD@TOR,2025-10-25,Daulton Varsho,BetMGM,batter_stolen_bases,Over,0.5,1100,0.07,0.083,0.068,-0.015,10-25 13:43,N
5,LAD@TOR,2025-10-25,Teoscar Hernandez,FanDuel,batter_doubles,Over,0.5,410,0.2,0.196,0.181,-0.015000000000000013,10-25 13:43,N
22,LAD@TOR,2025-10-25,Daulton Varsho,BetMGM,batter_doubles,Under,0.5,-650,0.16,0.867,0.852,-0.015000000000000013,10-25 13:43,N
20,LAD@TOR,2025-10-25,Ernie Clement,BetMGM,batter_stolen_bases,Over,0.5,1250,0.06,0.074,0.058,-0.015999999999999993,10-25 13:43,N
37,LAD@TOR,2025-10-25,Nathan Lukes,DraftKings,batter_strikeouts,Over,2.5,1960,0.69,0.049,0.033,-0.016,10-25 13:43,N
31,LAD@TOR,2025-10-25,Bo Bichette,DraftKings,batter_strikeouts,Over,2.5,1660,0.75,0.057,0.041,-0.016,10-25 13:43,N
62,LAD@TOR,2025-10-25,Vladimir Guerrero Jr.,Caesars,batter_home_runs,Over,1.5,3300,0.17,0.029,0.013,-0.016,10-25 13:43,N
6,LAD@TOR,2025-10-25,Will Smith,FanDuel,batter_home_runs,Over,0.5,540,0.15,0.156,0.139,-0.016999999999999987,10-25 13:43,N
42,LAD@TOR,2025-10-25,Ernie Clement,BetMGM,batter_doubles,Over,0.5,450,0.18,0.182,0.165,-0.016999999999999987,10-25 13:43,N
45,LAD@TOR,2025-10-25,Alejandro Kirk,BetMGM,batter_doubles,Over,0.5,450,0.18,0.182,0.165,-0.016999999999999987,10-25 13:43,N
171,LAD@TOR,2025-10-25,Tommy Edman,Caesars,batter_hits,Over,2.5,1200,0.88,0.077,0.06,-0.017,10-25 13:43,N
152,LAD@TOR,2025-10-25,Daulton Varsho,Caesars,batter_hits,Over,0.5,-127,0.78,0.559,0.542,-0.017000000000000015,10-25 13:43,N
0,LAD@TOR,2025-10-25,Tommy Edman,BetMGM,batter_home_runs,Under,0.5,-1600,0.08,0.941,0.923,-0.017999999999999905,10-25 13:43,N
17,LAD@TOR,2025-10-25,Shohei Ohtani,BetMGM,batter_stolen_bases,Over,0.5,475,0.17,0.174,0.156,-0.017999999999999988,10-25 13:43,N
163,LAD@TOR,2025-10-25,Andy Pages,Caesars,batter_hits,Over,1.5,325,0.87,0.235,0.217,-0.017999999999999988,10-25 13:43,N
16,LAD@TOR,2025-10-25,Ernie Clement,FanDuel,batter_home_runs,Over,0.5,1060,0.07,0.086,0.068,-0.017999999999999988,10-25 13:43,N
13,LAD@TOR,2025-10-25,Teoscar Hernandez,FanDuel,batter_stolen_bases,Over,0.5,1400,0.05,0.067,0.049,-0.018000000000000002,10-25 13:43,N
28,LAD@TOR,2025-10-25,Bo Bichette,BetMGM,batter_stolen_bases,Over,0.5,1400,0.05,0.067,0.049,-0.018000000000000002,10-25 13:43,N
22,LAD@TOR,2025-10-25,Nathan Lukes,BetMGM,batter_stolen_bases,Over,0.5,1400,0.05,0.067,0.049,-0.018000000000000002,10-25 13:43,N
136,LAD@TOR,2025-10-25,Teoscar Hernandez,Caesars,batter_hits,Over,2.5,1100,0.91,0.083,0.065,-0.018000000000000002,10-25 13:43,N
3,LAD@TOR,2025-10-25,Freddie Freeman,DraftKings,batter_hits,Under,0.5,164,1.02,0.379,0.361,-0.018000000000000016,10-25 13:43,N
19,LAD@TOR,2025-10-25,Vladimir Guerrero Jr.,FanDuel,batter_hits,Over,1.5,220,1.0799999999999998,0.312,0.294,-0.018000000000000016,10-25 13:43,N
25,LAD@TOR,2025-10-25,Teoscar Hernandez,DraftKings,batter_doubles,Over,0.5,403,0.2,0.199,0.181,-0.018000000000000016,10-25 13:43,N
33,LAD@TOR,2025-10-25,Mookie Betts,BetMGM,batter_hits,Under,0.5,175,1.06,0.364,0.346,-0.018000000000000016,10-25 13:43,N
39,LAD@TOR,2025-10-25,Andy Pages,DraftKings,batter_strikeouts,Over,1.5,352,0.83,0.221,0.202,-0.01899999999999999,10-25 13:43,N
72,LAD@TOR,2025-10-25,Addison Barger,DraftKings,batter_home_runs,Over,0.5,610,0.13,0.141,0.122,-0.01899999999999999,10-25 13:43,N
25,LAD@TOR,2025-10-25,Teoscar Hernandez,FanDuel,batter_hits,Over,1.5,300,0.91,0.25,0.231,-0.01899999999999999,10-25 13:43,N
69,LAD@TOR,2025-10-25,Will Smith,DraftKings,batter_home_runs,Over,0.5,532,0.15,0.158,0.139,-0.01899999999999999,10-25 13:43,N
25,LAD@TOR,2025-10-25,Freddie Freeman,BetMGM,batter_stolen_bases,Over,0.5,1200,0.06,0.077,0.058,-0.018999999999999996,10-25 13:43,N
46,LAD@TOR,2025-10-25,Alejandro Kirk,DraftKings,batter_strikeouts,Over,2.5,2800,0.51,0.034,0.015,-0.019000000000000003,10-25 13:43,N
52,LAD@TOR,2025-10-25,Ernie Clement,DraftKings,batter_strikeouts,Over,2.5,3400,0.43,0.029,0.01,-0.019000000000000003,10-25 13:43,N
46,LAD@TOR,2025-10-25,Nathan Lukes,BetMGM,batter_doubles,Over,0.5,400,0.2,0.2,0.181,-0.019000000000000017,10-25 13:43,N
15,LAD@TOR,2025-10-25,Addison Barger,FanDuel,batter_hits,Over,0.5,-140,0.83,0.583,0.564,-0.019000000000000017,10-25 13:43,N
99,LAD@TOR,2025-10-25,Freddie Freeman,DraftKings,batter_hits,Over,1.5,242,1.02,0.292,0.272,-0.019999999999999962,10-25 13:43,N
109,LAD@TOR,2025-10-25,Teoscar Hernandez,DraftKings,batter_hits,Over,1.5,298,0.91,0.251,0.231,-0.01999999999999999,10-25 13:43,N
175,LAD@TOR,2025-10-25,Will Smith,Caesars,batter_hits,Over,2.5,1100,0.9,0.083,0.063,-0.020000000000000004,10-25 13:43,N
3,LAD@TOR,2025-10-25,George Springer,DraftKings,batter_walks,Over,0.5,157,0.46,0.389,0.369,-0.020000000000000018,10-25 13:43,N
8,LAD@TOR,2025-10-25,Will Smith,DraftKings,batter_singles,Under,0.5,-148,0.55,0.597,0.577,-0.020000000000000018,10-25 13:43,N
169,LAD@TOR,2025-10-25,Enrique Hernandez,Caesars,batter_hits,Over,1.5,400,0.77,0.2,0.18,-0.020000000000000018,10-25 13:43,N
50,LAD@TOR,2025-10-25,Enrique Hernandez,BetMGM,batter_singles,Over,0.5,145,0.49,0.408,0.387,-0.020999999999999963,10-25 13:43,N
24,LAD@TOR,2025-10-25,Alejandro Kirk,DraftKings,batter_singles,Over,0.5,105,0.63,0.488,0.467,-0.020999999999999963,10-25 13:43,N
9,LAD@TOR,2025-10-25,Addison Barger,FanDuel,batter_home_runs,Over,0.5,600,0.13,0.143,0.122,-0.02099999999999999,10-25 13:43,N
71,LAD@TOR,2025-10-25,Andy Pages,DraftKings,batter_home_runs,Over,0.5,600,0.13,0.143,0.122,-0.02099999999999999,10-25 13:43,N
20,LAD@TOR,2025-10-25,Vladimir Guerrero Jr.,DraftKings,batter_doubles,Over,0.5,377,0.21,0.21,0.189,-0.02099999999999999,10-25 13:43,N
26,LAD@TOR,2025-10-25,Andy Pages,BetMGM,batter_home_runs,Over,0.5,600,0.13,0.143,0.122,-0.02099999999999999,10-25 13:43,N
177,LAD@TOR,2025-10-25,George Springer,Caesars,batter_hits,Over,2.5,1000,0.9400000000000001,0.091,0.07,-0.02099999999999999,10-25 13:43,N
141,LAD@TOR,2025-10-25,Freddie Freeman,Caesars,batter_hits,Over,2.5,850,1.02,0.105,0.084,-0.02099999999999999,10-25 13:43,N
27,LAD@TOR,2025-10-25,Alejandro Kirk,BetMGM,batter_home_runs,Over,0.5,700,0.11,0.125,0.104,-0.021000000000000005,10-25 13:43,N
32,LAD@TOR,2025-10-25,Enrique Hernandez,BetMGM,batter_home_runs,Over,0.5,700,0.11,0.125,0.104,-0.021000000000000005,10-25 13:43,N
5,LAD@TOR,2025-10-25,Mookie Betts,FanDuel,batter_stolen_bases,Over,0.5,920,0.08,0.098,0.077,-0.021000000000000005,10-25 13:43,N
82,LAD@TOR,2025-10-25,Nathan Lukes,BetMGM,batter_hits,Over,0.5,-185,0.9899999999999999,0.649,0.628,-0.02100000000000002,10-25 13:43,N
14,LAD@TOR,2025-10-25,Enrique Hernandez,BetMGM,batter_home_runs,Under,0.5,-1100,0.11,0.917,0.896,-0.02100000000000002,10-25 13:43,N
150,LAD@TOR,2025-10-25,Vladimir Guerrero Jr.,Caesars,batter_hits,Over,2.5,750,1.0799999999999998,0.118,0.096,-0.021999999999999992,10-25 13:43,N
8,LAD@TOR,2025-10-25,Andy Pages,BetMGM,batter_home_runs,Under,0.5,-900,0.13,0.9,0.878,-0.02200000000000002,10-25 13:43,N
76,LAD@TOR,2025-10-25,Daulton Varsho,BetMGM,batter_hits,Over,0.5,-130,0.78,0.565,0.542,-0.02299999999999991,10-25 13:43,N
7,LAD@TOR,2025-10-25,Teoscar Hernandez,DraftKings,batter_hits,Under,0.5,135,0.91,0.426,0.403,-0.022999999999999965,10-25 13:43,N
8,LAD@TOR,2025-10-25,Kevin Gausman,DraftKings,pitcher_walks,Over,4.5,2000,1.62,0.048,0.025,-0.023,10-25 13:43,N
13,LAD@TOR,2025-10-25,Tommy Edman,FanDuel,batter_home_runs,Over,0.5,900,0.08,0.1,0.077,-0.023000000000000007,10-25 13:43,N
1,LAD@TOR,2025-10-25,Yoshinobu Yamamoto,DraftKings,pitcher_walks,Over,1.5,-110,1.68,0.524,0.501,-0.02300000000000002,10-25 13:43,N
33,LAD@TOR,2025-10-25,Daulton Varsho,DraftKings,batter_doubles,Over,0.5,486,0.16,0.171,0.148,-0.02300000000000002,10-25 13:43,N
27,LAD@TOR,2025-10-25,Alejandro Kirk,BetMGM,batter_singles,Under,0.5,-125,0.63,0.556,0.533,-0.02300000000000002,10-25 13:43,N
6,LAD@TOR,2025-10-25,Tommy Edman,FanDuel,batter_doubles,Over,0.5,410,0.19,0.196,0.173,-0.02300000000000002,10-25 13:43,N
31,LAD@TOR,2025-10-25,Freddie Freeman,BetMGM,batter_singles,Under,0.5,-125,0.63,0.556,0.533,-0.02300000000000002,10-25 13:43,N
34,LAD@TOR,2025-10-25,Enrique Hernandez,DraftKings,batter_doubles,Over,0.5,486,0.16,0.171,0.148,-0.02300000000000002,10-25 13:43,N
20,LAD@TOR,2025-10-25,Will Smith,BetMGM,batter_singles,Under,0.5,-150,0.55,0.6,0.577,-0.02300000000000002,10-25 13:43,N
160,LAD@TOR,2025-10-25,Bo Bichette,Caesars,batter_hits,Over,2.5,750,1.0699999999999998,0.118,0.094,-0.023999999999999994,10-25 13:43,N
34,LAD@TOR,2025-10-25,Vladimir Guerrero Jr.,DraftKings,batter_strikeouts,Over,2.5,1660,0.69,0.057,0.033,-0.024,10-25 13:43,N
24,LAD@TOR,2025-10-25,Ernie Clement,BetMGM,batter_singles,Under,0.5,-118,0.66,0.541,0.517,-0.02400000000000002,10-25 13:43,N
0,LAD@TOR,2025-10-25,Yoshinobu Yamamoto,DraftKings,pitcher_walks,Over,0.5,-519,1.68,0.838,0.814,-0.02400000000000002,10-25 13:43,N
18,LAD@TOR,2025-10-25,Tommy Edman,BetMGM,batter_singles,Under,0.5,-135,0.6,0.574,0.549,-0.02499999999999991,10-25 13:43,N
1,LAD@TOR,2025-10-25,Freddie Freeman,FanDuel,batter_doubles,Over,0.5,320,0.24,0.238,0.213,-0.024999999999999994,10-25 13:43,N
53,LAD@TOR,2025-10-25,Bo Bichette,BetMGM,batter_doubles,Over,0.5,350,0.22,0.222,0.197,-0.024999999999999994,10-25 13:43,N
76,LAD@TOR,2025-10-25,Tommy Edman,DraftKings,batter_home_runs,Over,0.5,880,0.08,0.102,0.077,-0.024999999999999994,10-25 13:43,N
16,LAD@TOR,2025-10-25,Yoshinobu Yamamoto,DraftKings,pitcher_hits_allowed,Over,9.5,2100,4.62,0.045,0.02,-0.024999999999999998,10-25 13:43,N
26,LAD@TOR,2025-10-25,Andy Pages,BetMGM,batter_singles,Under,0.5,-155,0.54,0.608,0.583,-0.025000000000000022,10-25 13:43,N
157,LAD@TOR,2025-10-25,Mookie Betts,Caesars,batter_hits,Over,2.5,750,1.06,0.118,0.092,-0.025999999999999995,10-25 13:43,N
50,LAD@TOR,2025-10-25,Enrique Hernandez,BetMGM,batter_doubles,Over,0.5,475,0.16,0.174,0.148,-0.025999999999999995,10-25 13:43,N
44,LAD@TOR,2025-10-25,Andy Pages,Caesars,batter_home_runs,Over,0.5,575,0.13,0.148,0.122,-0.025999999999999995,10-25 13:43,N
10,LAD@TOR,2025-10-25,George Springer,DraftKings,batter_strikeouts,Over,2.5,860,0.99,0.104,0.078,-0.025999999999999995,10-25 13:43,N
29,LAD@TOR,2025-10-25,Addison Barger,BetMGM,batter_stolen_bases,Over,0.5,1450,0.04,0.065,0.039,-0.026000000000000002,10-25 13:43,N
51,LAD@TOR,2025-10-25,Mookie Betts,BetMGM,batter_singles,Over,0.5,-110,0.69,0.524,0.498,-0.026000000000000023,10-25 13:43,N
6,LAD@TOR,2025-10-25,Alejandro Kirk,DraftKings,batter_doubles,Under,0.5,-620,0.18,0.861,0.835,-0.026000000000000023,10-25 13:43,N
24,LAD@TOR,2025-10-25,Ernie Clement,BetMGM,batter_hits,Under,0.5,135,0.9200000000000002,0.426,0.399,-0.02699999999999997,10-25 13:43,N
3,LAD@TOR,2025-10-25,Teoscar Hernandez,FanDuel,batter_home_runs,Over,0.5,470,0.16,0.175,0.148,-0.026999999999999996,10-25 13:43,N
15,LAD@TOR,2025-10-25,Bo Bichette,DraftKings,batter_walks,Over,0.5,304,0.25,0.248,0.221,-0.026999999999999996,10-25 13:43,N
41,LAD@TOR,2025-10-25,George Springer,BetMGM,batter_doubles,Over,0.5,400,0.19,0.2,0.173,-0.027000000000000024,10-25 13:43,N
9,LAD@TOR,2025-10-25,Alejandro Kirk,BetMGM,batter_home_runs,Under,0.5,-1200,0.11,0.923,0.896,-0.027000000000000024,10-25 13:43,N
11,LAD@TOR,2025-10-25,Andy Pages,FanDuel,batter_singles,Over,0.5,125,0.54,0.444,0.417,-0.027000000000000024,10-25 13:43,N
12,LAD@TOR,2025-10-25,Andy Pages,FanDuel,batter_hits,Over,0.5,-155,0.87,0.608,0.581,-0.027000000000000024,10-25 13:43,N
0,LAD@TOR,2025-10-25,Mookie Betts,DraftKings,batter_doubles,Under,0.5,-492,0.22,0.831,0.803,-0.027999999999999914,10-25 13:43,N
20,LAD@TOR,2025-10-25,Shohei Ohtani,FanDuel,batter_hits,Over,1.5,230,1.03,0.303,0.275,-0.02799999999999997,10-25 13:43,N
24,LAD@TOR,2025-10-25,Teoscar Hernandez,BetMGM,batter_stolen_bases,Over,0.5,1200,0.05,0.077,0.049,-0.027999999999999997,10-25 13:43,N
42,LAD@TOR,2025-10-25,Will Smith,Caesars,batter_home_runs,Over,0.5,500,0.15,0.167,0.139,-0.027999999999999997,10-25 13:43,N
50,LAD@TOR,2025-10-25,Tommy Edman,Caesars,batter_home_runs,Over,0.5,850,0.08,0.105,0.077,-0.027999999999999997,10-25 13:43,N
18,LAD@TOR,2025-10-25,Tommy Edman,BetMGM,batter_home_runs,Over,0.5,850,0.08,0.105,0.077,-0.027999999999999997,10-25 13:43,N
9,LAD@TOR,2025-10-25,Bo Bichette,FanDuel,batter_stolen_bases,Over,0.5,1200,0.05,0.077,0.049,-0.027999999999999997,10-25 13:43,N
7,LAD@TOR,2025-10-25,Nathan Lukes,FanDuel,batter_stolen_bases,Over,0.5,1200,0.05,0.077,0.049,-0.027999999999999997,10-25 13:43,N
8,LAD@TOR,2025-10-25,Andy Pages,FanDuel,batter_stolen_bases,Over,0.5,1200,0.05,0.077,0.049,-0.027999999999999997,10-25 13:43,N
43,LAD@TOR,2025-10-25,Mookie Betts,DraftKings,batter_strikeouts,Over,2.5,2300,0.49,0.042,0.014,-0.028000000000000004,10-25 13:43,N
3,LAD@TOR,2025-10-25,Shohei Ohtani,FanDuel,batter_doubles,Over,0.5,330,0.23,0.233,0.205,-0.028000000000000025,10-25 13:43,N
14,LAD@TOR,2025-10-25,Shohei Ohtani,DraftKings,batter_singles,Under,0.5,-188,0.47,0.653,0.625,-0.028000000000000025,10-25 13:43,N
3,LAD@TOR,2025-10-25,George Springer,DraftKings,batter_doubles,Under,0.5,-588,0.19,0.855,0.827,-0.028000000000000025,10-25 13:43,N
6,LAD@TOR,2025-10-25,Mookie Betts,DraftKings,batter_walks,Under,0.5,-249,0.38,0.713,0.684,-0.028999999999999915,10-25 13:43,N
16,LAD@TOR,2025-10-25,Daulton Varsho,FanDuel,batter_singles,Over,0.5,160,0.44,0.385,0.356,-0.029000000000000026,10-25 13:43,N
137,LAD@TOR,2025-10-25,Ernie Clement,Caesars,batter_hits,Over,0.5,-170,0.9200000000000002,0.63,0.601,-0.029000000000000026,10-25 13:43,N
33,LAD@TOR,2025-10-25,Mookie Betts,BetMGM,batter_doubles,Under,0.5,-500,0.22,0.833,0.803,-0.029999999999999916,10-25 13:43,N
15,LAD@TOR,2025-10-25,Addison Barger,FanDuel,batter_singles,Over,0.5,140,0.49,0.417,0.387,-0.02999999999999997,10-25 13:43,N
23,LAD@TOR,2025-10-25,Andres Gimenez,BetMGM,batter_stolen_bases,Over,0.5,600,0.12,0.143,0.113,-0.029999999999999985,10-25 13:43,N
27,LAD@TOR,2025-10-25,Tommy Edman,FanDuel,batter_hits,Over,1.5,300,0.88,0.25,0.22,-0.03,10-25 13:43,N
68,LAD@TOR,2025-10-25,Teoscar Hernandez,DraftKings,batter_home_runs,Over,0.5,462,0.16,0.178,0.148,-0.03,10-25 13:43,N
20,LAD@TOR,2025-10-25,Will Smith,BetMGM,batter_doubles,Under,0.5,-600,0.19,0.857,0.827,-0.030000000000000027,10-25 13:43,N
105,LAD@TOR,2025-10-25,George Springer,DraftKings,batter_hits,Over,1.5,267,0.9400000000000001,0.272,0.242,-0.030000000000000027,10-25 13:43,N
18,LAD@TOR,2025-10-25,Tommy Edman,BetMGM,batter_doubles,Under,0.5,-600,0.19,0.857,0.827,-0.030000000000000027,10-25 13:43,N
4,LAD@TOR,2025-10-25,Will Smith,DraftKings,batter_doubles,Under,0.5,-600,0.19,0.857,0.827,-0.030000000000000027,10-25 13:43,N
4,LAD@TOR,2025-10-25,Bo Bichette,FanDuel,batter_hits,Over,0.5,-220,1.0699999999999998,0.688,0.657,-0.030999999999999917,10-25 13:43,N
58,LAD@TOR,2025-10-25,Bo Bichette,DraftKings,batter_hits,Over,0.5,-220,1.0699999999999998,0.688,0.657,-0.030999999999999917,10-25 13:43,N
21,LAD@TOR,2025-10-25,Freddie Freeman,FanDuel,batter_hits,Over,1.5,230,1.02,0.303,0.272,-0.030999999999999972,10-25 13:43,N
4,LAD@TOR,2025-10-25,George Springer,FanDuel,batter_doubles,Over,0.5,390,0.19,0.204,0.173,-0.031,10-25 13:43,N
5,LAD@TOR,2025-10-25,George Springer,BetMGM,batter_home_runs,Under,0.5,-700,0.17,0.875,0.844,-0.031000000000000028,10-25 13:43,N
13,LAD@TOR,2025-10-25,Enrique Hernandez,DraftKings,batter_singles,Under,0.5,-181,0.49,0.644,0.613,-0.031000000000000028,10-25 13:43,N
62,LAD@TOR,2025-10-25,Alejandro Kirk,DraftKings,batter_hits,Over,0.5,-175,0.93,0.636,0.605,-0.031000000000000028,10-25 13:43,N
145,LAD@TOR,2025-10-25,Alejandro Kirk,Caesars,batter_hits,Over,1.5,270,0.93,0.27,0.239,-0.031000000000000028,10-25 13:43,N
16,LAD@TOR,2025-10-25,Daulton Varsho,FanDuel,batter_hits,Over,0.5,-135,0.78,0.574,0.542,-0.03199999999999992,10-25 13:43,N
13,LAD@TOR,2025-10-25,Enrique Hernandez,DraftKings,batter_hits,Under,0.5,102,0.77,0.495,0.463,-0.03199999999999997,10-25 13:43,N
164,LAD@TOR,2025-10-25,Shohei Ohtani,Caesars,batter_hits,Over,2.5,750,1.03,0.118,0.086,-0.032,10-25 13:43,N
22,LAD@TOR,2025-10-25,Will Smith,DraftKings,batter_doubles,Over,0.5,387,0.19,0.205,0.173,-0.032,10-25 13:43,N
14,LAD@TOR,2025-10-25,Shohei Ohtani,FanDuel,batter_singles,Over,0.5,145,0.47,0.408,0.375,-0.032999999999999974,10-25 13:43,N
39,LAD@TOR,2025-10-25,Shohei Ohtani,BetMGM,batter_doubles,Over,0.5,320,0.23,0.238,0.205,-0.033,10-25 13:43,N
5,LAD@TOR,2025-10-25,Nathan Lukes,FanDuel,batter_hits,Over,0.5,-195,0.9899999999999999,0.661,0.628,-0.03300000000000003,10-25 13:43,N
64,LAD@TOR,2025-10-25,Andy Pages,DraftKings,batter_hits,Over,0.5,-159,0.87,0.614,0.581,-0.03300000000000003,10-25 13:43,N
63,LAD@TOR,2025-10-25,Tommy Edman,DraftKings,batter_hits,Over,0.5,-162,0.88,0.618,0.585,-0.03300000000000003,10-25 13:43,N
162,LAD@TOR,2025-10-25,Andy Pages,Caesars,batter_hits,Over,0.5,-159,0.87,0.614,0.581,-0.03300000000000003,10-25 13:43,N
3,LAD@TOR,2025-10-25,Freddie Freeman,DraftKings,batter_singles,Under,0.5,-131,0.63,0.567,0.533,-0.03399999999999992,10-25 13:43,N
51,LAD@TOR,2025-10-25,Mookie Betts,BetMGM,batter_doubles,Over,0.5,333,0.22,0.231,0.197,-0.034,10-25 13:43,N
30,LAD@TOR,2025-10-25,Teoscar Hernandez,BetMGM,batter_home_runs,Over,0.5,450,0.16,0.182,0.148,-0.034,10-25 13:43,N
80,LAD@TOR,2025-10-25,Andy Pages,BetMGM,batter_hits,Over,0.5,-160,0.87,0.615,0.581,-0.03400000000000003,10-25 13:43,N
21,LAD@TOR,2025-10-25,George Springer,DraftKings,batter_doubles,Over,0.5,380,0.19,0.208,0.173,-0.035,10-25 13:43,N
24,LAD@TOR,2025-10-25,Will Smith,FanDuel,batter_hits,Over,1.5,280,0.9,0.263,0.228,-0.035,10-25 13:43,N
24,LAD@TOR,2025-10-25,Alejandro Kirk,DraftKings,batter_doubles,Over,0.5,399,0.18,0.2,0.165,-0.035,10-25 13:43,N
20,LAD@TOR,2025-10-25,Mookie Betts,DraftKings,batter_singles,Over,0.5,-114,0.69,0.533,0.498,-0.03500000000000003,10-25 13:43,N
9,LAD@TOR,2025-10-25,Tommy Edman,DraftKings,batter_hits,Under,0.5,122,0.88,0.45,0.415,-0.03500000000000003,10-25 13:43,N
78,LAD@TOR,2025-10-25,Ernie Clement,BetMGM,batter_hits,Over,0.5,-175,0.9200000000000002,0.636,0.601,-0.03500000000000003,10-25 13:43,N
5,LAD@TOR,2025-10-25,Freddie Freeman,FanDuel,batter_home_runs,Over,0.5,500,0.14,0.167,0.131,-0.036000000000000004,10-25 13:43,N
15,LAD@TOR,2025-10-25,Daulton Varsho,DraftKings,batter_doubles,Under,0.5,-790,0.16,0.888,0.852,-0.03600000000000003,10-25 13:43,N
16,LAD@TOR,2025-10-25,Enrique Hernandez,DraftKings,batter_doubles,Under,0.5,-790,0.16,0.888,0.852,-0.03600000000000003,10-25 13:43,N
17,LAD@TOR,2025-10-25,Bo Bichette,BetMGM,batter_home_runs,Under,0.5,-1200,0.12,0.923,0.887,-0.03600000000000003,10-25 13:43,N
26,LAD@TOR,2025-10-25,Andy Pages,BetMGM,batter_hits,Under,0.5,120,0.87,0.455,0.419,-0.03600000000000003,10-25 13:43,N
67,LAD@TOR,2025-10-25,Enrique Hernandez,DraftKings,batter_hits,Over,0.5,-135,0.77,0.574,0.537,-0.03699999999999992,10-25 13:43,N
86,LAD@TOR,2025-10-25,Enrique Hernandez,BetMGM,batter_hits,Over,0.5,-135,0.77,0.574,0.537,-0.03699999999999992,10-25 13:43,N
32,LAD@TOR,2025-10-25,Enrique Hernandez,BetMGM,batter_hits,Under,0.5,100,0.77,0.5,0.463,-0.03699999999999998,10-25 13:43,N
25,LAD@TOR,2025-10-25,Tommy Edman,DraftKings,batter_singles,Over,0.5,105,0.6,0.488,0.451,-0.03699999999999998,10-25 13:43,N
4,LAD@TOR,2025-10-25,Bo Bichette,DraftKings,batter_hits,Under,0.5,163,1.0699999999999998,0.38,0.343,-0.03699999999999998,10-25 13:43,N
102,LAD@TOR,2025-10-25,Will Smith,DraftKings,batter_hits,Over,1.5,278,0.9,0.265,0.228,-0.037000000000000005,10-25 13:43,N
11,LAD@TOR,2025-10-25,Daulton Varsho,FanDuel,batter_doubles,Over,0.5,440,0.16,0.185,0.148,-0.037000000000000005,10-25 13:43,N
32,LAD@TOR,2025-10-25,Enrique Hernandez,BetMGM,batter_doubles,Under,0.5,-800,0.16,0.889,0.852,-0.03700000000000003,10-25 13:43,N
18,LAD@TOR,2025-10-25,Mookie Betts,FanDuel,batter_hits,Over,1.5,210,1.06,0.323,0.286,-0.03700000000000003,10-25 13:43,N
21,LAD@TOR,2025-10-25,Shohei Ohtani,BetMGM,batter_doubles,Under,0.5,-500,0.23,0.833,0.795,-0.03799999999999992,10-25 13:43,N
2,LAD@TOR,2025-10-25,George Springer,BetMGM,batter_stolen_bases,Under,0.5,-2000,0.09,0.952,0.914,-0.03799999999999992,10-25 13:43,N
8,LAD@TOR,2025-10-25,Alejandro Kirk,DraftKings,batter_hits,Under,0.5,131,0.93,0.433,0.395,-0.03799999999999998,10-25 13:43,N
18,LAD@TOR,2025-10-25,Mookie Betts,DraftKings,batter_doubles,Over,0.5,326,0.22,0.235,0.197,-0.03799999999999998,10-25 13:43,N
21,LAD@TOR,2025-10-25,Andy Pages,BetMGM,batter_stolen_bases,Over,0.5,1050,0.05,0.087,0.049,-0.03799999999999999,10-25 13:43,N
33,LAD@TOR,2025-10-25,Mookie Betts,BetMGM,batter_home_runs,Over,0.5,525,0.13,0.16,0.122,-0.038000000000000006,10-25 13:43,N
36,LAD@TOR,2025-10-25,Tommy Edman,BetMGM,batter_doubles,Over,0.5,375,0.19,0.211,0.173,-0.038000000000000006,10-25 13:43,N
38,LAD@TOR,2025-10-25,Will Smith,BetMGM,batter_doubles,Over,0.5,375,0.19,0.211,0.173,-0.038000000000000006,10-25 13:43,N
44,LAD@TOR,2025-10-25,Andy Pages,BetMGM,batter_singles,Over,0.5,120,0.54,0.455,0.417,-0.038000000000000034,10-25 13:43,N
10,LAD@TOR,2025-10-25,Andy Pages,DraftKings,batter_hits,Under,0.5,119,0.87,0.457,0.419,-0.038000000000000034,10-25 13:43,N
8,LAD@TOR,2025-10-25,Yoshinobu Yamamoto,DraftKings,pitcher_hits_allowed,Over,1.5,-5700,4.62,0.983,0.945,-0.038000000000000034,10-25 13:43,N
11,LAD@TOR,2025-10-25,Teoscar Hernandez,DraftKings,batter_singles,Under,0.5,-164,0.54,0.621,0.583,-0.038000000000000034,10-25 13:43,N
0,LAD@TOR,2025-10-25,Tommy Edman,BetMGM,batter_stolen_bases,Under,0.5,-5000,0.06,0.98,0.942,-0.038000000000000034,10-25 13:43,N
11,LAD@TOR,2025-10-25,Andres Gimenez,BetMGM,batter_home_runs,Under,0.5,-5000,0.06,0.98,0.942,-0.038000000000000034,10-25 13:43,N
28,LAD@TOR,2025-10-25,Kevin Gausman,DraftKings,pitcher_strikeouts,Over,9.5,1820,4.28,0.052,0.013,-0.039,10-25 13:43,N
19,LAD@TOR,2025-10-25,Bo Bichette,DraftKings,batter_singles,Over,0.5,-123,0.72,0.552,0.513,-0.039000000000000035,10-25 13:43,N
33,LAD@TOR,2025-10-25,Mookie Betts,BetMGM,batter_singles,Under,0.5,-118,0.69,0.541,0.502,-0.039000000000000035,10-25 13:43,N
15,LAD@TOR,2025-10-25,Bo Bichette,DraftKings,batter_walks,Under,0.5,-454,0.25,0.819,0.779,-0.039999999999999925,10-25 13:43,N
55,LAD@TOR,2025-10-25,Shohei Ohtani,Caesars,batter_home_runs,Over,1.5,1200,0.3,0.077,0.037,-0.04,10-25 13:43,N
12,LAD@TOR,2025-10-25,Andy Pages,DraftKings,batter_singles,Under,0.5,-165,0.54,0.623,0.583,-0.040000000000000036,10-25 13:43,N
23,LAD@TOR,2025-10-25,George Springer,BetMGM,batter_doubles,Under,0.5,-650,0.19,0.867,0.827,-0.040000000000000036,10-25 13:43,N
30,LAD@TOR,2025-10-25,Andy Pages,DraftKings,batter_singles,Over,0.5,119,0.54,0.457,0.417,-0.040000000000000036,10-25 13:43,N
8,LAD@TOR,2025-10-25,George Springer,FanDuel,batter_hits,Over,0.5,-185,0.9400000000000001,0.649,0.609,-0.040000000000000036,10-25 13:43,N
170,LAD@TOR,2025-10-25,Enrique Hernandez,Caesars,batter_hits,Over,0.5,-137,0.77,0.578,0.537,-0.040999999999999925,10-25 13:43,N
48,LAD@TOR,2025-10-25,Tommy Edman,DraftKings,batter_strikeouts,Over,1.5,469,0.64,0.176,0.135,-0.04099999999999998,10-25 13:43,N
0,LAD@TOR,2025-10-25,Mookie Betts,FanDuel,batter_doubles,Over,0.5,320,0.22,0.238,0.197,-0.04099999999999998,10-25 13:43,N
10,LAD@TOR,2025-10-25,Enrique Hernandez,FanDuel,batter_doubles,Over,0.5,430,0.16,0.189,0.148,-0.04100000000000001,10-25 13:43,N
42,LAD@TOR,2025-10-25,Ernie Clement,BetMGM,batter_singles,Over,0.5,-110,0.66,0.524,0.483,-0.041000000000000036,10-25 13:43,N
1,LAD@TOR,2025-10-25,Bo Bichette,DraftKings,batter_singles,Under,0.5,-112,0.72,0.528,0.487,-0.041000000000000036,10-25 13:43,N
2,LAD@TOR,2025-10-25,Vladimir Guerrero Jr.,DraftKings,batter_doubles,Under,0.5,-581,0.21,0.853,0.811,-0.041999999999999926,10-25 13:43,N
22,LAD@TOR,2025-10-25,Daulton Varsho,BetMGM,batter_hits,Under,0.5,100,0.78,0.5,0.458,-0.04199999999999998,10-25 13:43,N
12,LAD@TOR,2025-10-25,Vladimir Guerrero Jr.,FanDuel,batter_stolen_bases,Over,0.5,1280,0.03,0.072,0.03,-0.041999999999999996,10-25 13:43,N
10,LAD@TOR,2025-10-25,Will Smith,FanDuel,batter_stolen_bases,Over,0.5,1280,0.03,0.072,0.03,-0.041999999999999996,10-25 13:43,N
40,LAD@TOR,2025-10-25,Daulton Varsho,BetMGM,batter_doubles,Over,0.5,425,0.16,0.19,0.148,-0.04200000000000001,10-25 13:43,N
38,LAD@TOR,2025-10-25,Teoscar Hernandez,Caesars,batter_home_runs,Over,0.5,425,0.16,0.19,0.148,-0.04200000000000001,10-25 13:43,N
32,LAD@TOR,2025-10-25,Enrique Hernandez,BetMGM,batter_singles,Under,0.5,-190,0.49,0.655,0.613,-0.04200000000000004,10-25 13:43,N
38,LAD@TOR,2025-10-25,Will Smith,BetMGM,batter_singles,Over,0.5,115,0.55,0.465,0.423,-0.04200000000000004,10-25 13:43,N
29,LAD@TOR,2025-10-25,Teoscar Hernandez,DraftKings,batter_singles,Over,0.5,118,0.54,0.459,0.417,-0.04200000000000004,10-25 13:43,N
7,LAD@TOR,2025-10-25,Tommy Edman,DraftKings,batter_singles,Under,0.5,-145,0.6,0.592,0.549,-0.04299999999999993,10-25 13:43,N
35,LAD@TOR,2025-10-25,Bo Bichette,BetMGM,batter_doubles,Under,0.5,-550,0.22,0.846,0.803,-0.04299999999999993,10-25 13:43,N
66,LAD@TOR,2025-10-25,Freddie Freeman,DraftKings,batter_home_runs,Over,0.5,475,0.14,0.174,0.131,-0.04299999999999998,10-25 13:43,N
90,LAD@TOR,2025-10-25,Shohei Ohtani,DraftKings,batter_hits,Over,1.5,214,1.03,0.318,0.275,-0.04299999999999998,10-25 13:43,N
39,LAD@TOR,2025-10-25,Freddie Freeman,Caesars,batter_home_runs,Over,0.5,475,0.14,0.174,0.131,-0.04299999999999998,10-25 13:43,N
20,LAD@TOR,2025-10-25,Will Smith,BetMGM,batter_home_runs,Over,0.5,450,0.15,0.182,0.139,-0.04299999999999998,10-25 13:43,N
31,LAD@TOR,2025-10-25,Freddie Freeman,BetMGM,batter_home_runs,Over,0.5,475,0.14,0.174,0.131,-0.04299999999999998,10-25 13:43,N
19,LAD@TOR,2025-10-25,George Springer,BetMGM,batter_stolen_bases,Over,0.5,675,0.09,0.129,0.086,-0.04300000000000001,10-25 13:43,N
49,LAD@TOR,2025-10-25,Freddie Freeman,BetMGM,batter_doubles,Over,0.5,290,0.24,0.256,0.213,-0.04300000000000001,10-25 13:43,N
134,LAD@TOR,2025-10-25,Teoscar Hernandez,Caesars,batter_hits,Over,1.5,265,0.91,0.274,0.231,-0.04300000000000001,10-25 13:43,N
28,LAD@TOR,2025-10-25,Nathan Lukes,BetMGM,batter_doubles,Under,0.5,-625,0.2,0.862,0.819,-0.04300000000000004,10-25 13:43,N
96,LAD@TOR,2025-10-25,Mookie Betts,DraftKings,batter_hits,Over,1.5,204,1.06,0.329,0.286,-0.04300000000000004,10-25 13:43,N
12,LAD@TOR,2025-10-25,Teoscar Hernandez,DraftKings,batter_strikeouts,Over,1.5,178,1.14,0.36,0.316,-0.043999999999999984,10-25 13:43,N
27,LAD@TOR,2025-10-25,Vladimir Guerrero Jr.,BetMGM,batter_stolen_bases,Over,0.5,1250,0.03,0.074,0.03,-0.044,10-25 13:43,N
7,LAD@TOR,2025-10-25,Teoscar Hernandez,DraftKings,batter_doubles,Under,0.5,-630,0.2,0.863,0.819,-0.04400000000000004,10-25 13:43,N
49,LAD@TOR,2025-10-25,Freddie Freeman,BetMGM,batter_singles,Over,0.5,-105,0.63,0.512,0.467,-0.044999999999999984,10-25 13:43,N
45,LAD@TOR,2025-10-25,Alejandro Kirk,BetMGM,batter_singles,Over,0.5,-105,0.63,0.512,0.467,-0.044999999999999984,10-25 13:43,N
21,LAD@TOR,2025-10-25,Freddie Freeman,DraftKings,batter_singles,Over,0.5,-105,0.63,0.512,0.467,-0.044999999999999984,10-25 13:43,N
2,LAD@TOR,2025-10-25,Shohei Ohtani,DraftKings,batter_strikeouts,Over,2.5,553,1.14,0.153,0.108,-0.045,10-25 13:43,N
12,LAD@TOR,2025-10-25,Ernie Clement,DraftKings,batter_doubles,Under,0.5,-730,0.18,0.88,0.835,-0.04500000000000004,10-25 13:43,N
2,LAD@TOR,2025-10-25,Vladimir Guerrero Jr.,FanDuel,batter_hits,Over,0.5,-240,1.0799999999999998,0.706,0.66,-0.04599999999999993,10-25 13:43,N
14,LAD@TOR,2025-10-25,Enrique Hernandez,FanDuel,batter_hits,Over,0.5,-140,0.77,0.583,0.537,-0.04599999999999993,10-25 13:43,N
6,LAD@TOR,2025-10-25,Mookie Betts,DraftKings,batter_walks,Over,0.5,176,0.38,0.362,0.316,-0.045999999999999985,10-25 13:43,N
15,LAD@TOR,2025-10-25,Yoshinobu Yamamoto,DraftKings,pitcher_hits_allowed,Over,8.5,990,4.62,0.092,0.046,-0.046,10-25 13:43,N
2,LAD@TOR,2025-10-25,Mookie Betts,DraftKings,batter_singles,Under,0.5,-121,0.69,0.548,0.502,-0.04600000000000004,10-25 13:43,N
0,LAD@TOR,2025-10-25,Yoshinobu Yamamoto,DraftKings,pitcher_walks,Under,1.5,-120,1.68,0.545,0.499,-0.04600000000000004,10-25 13:43,N
87,LAD@TOR,2025-10-25,Mookie Betts,BetMGM,batter_hits,Over,0.5,-235,1.06,0.701,0.654,-0.04699999999999993,10-25 13:43,N
16,LAD@TOR,2025-10-25,Tommy Edman,BetMGM,batter_stolen_bases,Over,0.5,850,0.06,0.105,0.058,-0.04699999999999999,10-25 13:43,N
172,LAD@TOR,2025-10-25,Tommy Edman,Caesars,batter_hits,Over,1.5,275,0.88,0.267,0.22,-0.047000000000000014,10-25 13:43,N
61,LAD@TOR,2025-10-25,Teoscar Hernandez,DraftKings,batter_hits,Over,0.5,-181,0.91,0.644,0.597,-0.04700000000000004,10-25 13:43,N
27,LAD@TOR,2025-10-25,Alejandro Kirk,BetMGM,batter_doubles,Under,0.5,-750,0.18,0.882,0.835,-0.04700000000000004,10-25 13:43,N
24,LAD@TOR,2025-10-25,Ernie Clement,BetMGM,batter_doubles,Under,0.5,-750,0.18,0.882,0.835,-0.04700000000000004,10-25 13:43,N
10,LAD@TOR,2025-10-25,Nathan Lukes,BetMGM,batter_home_runs,Under,0.5,-2500,0.09,0.962,0.914,-0.04799999999999993,10-25 13:43,N
22,LAD@TOR,2025-10-25,Daulton Varsho,BetMGM,batter_singles,Under,0.5,-225,0.44,0.692,0.644,-0.04799999999999993,10-25 13:43,N
6,LAD@TOR,2025-10-25,Ernie Clement,BetMGM,batter_home_runs,Under,0.5,-5000,0.07,0.98,0.932,-0.04799999999999993,10-25 13:43,N
31,LAD@TOR,2025-10-25,Enrique Hernandez,DraftKings,batter_singles,Over,0.5,130,0.49,0.435,0.387,-0.04799999999999999,10-25 13:43,N
13,LAD@TOR,2025-10-25,Enrique Hernandez,FanDuel,batter_singles,Over,0.5,130,0.49,0.435,0.387,-0.04799999999999999,10-25 13:43,N
7,LAD@TOR,2025-10-25,Kevin Gausman,DraftKings,pitcher_walks,Over,3.5,670,1.62,0.13,0.082,-0.048,10-25 13:43,N
29,LAD@TOR,2025-10-25,Andres Gimenez,BetMGM,batter_doubles,Under,0.5,-900,0.16,0.9,0.852,-0.04800000000000004,10-25 13:43,N
159,LAD@TOR,2025-10-25,Bo Bichette,Caesars,batter_hits,Over,0.5,-240,1.0699999999999998,0.706,0.657,-0.04899999999999993,10-25 13:43,N
57,LAD@TOR,2025-10-25,Freddie Freeman,DraftKings,batter_hits,Over,0.5,-221,1.02,0.688,0.639,-0.04899999999999993,10-25 13:43,N
36,LAD@TOR,2025-10-25,Tommy Edman,BetMGM,batter_singles,Over,0.5,100,0.6,0.5,0.451,-0.04899999999999999,10-25 13:43,N
4,LAD@TOR,2025-10-25,Mookie Betts,FanDuel,batter_home_runs,Over,0.5,480,0.13,0.172,0.122,-0.04999999999999999,10-25 13:43,N
4,LAD@TOR,2025-10-25,Daulton Varsho,FanDuel,batter_stolen_bases,Over,0.5,750,0.07,0.118,0.068,-0.04999999999999999,10-25 13:43,N
144,LAD@TOR,2025-10-25,Alejandro Kirk,Caesars,batter_hits,Over,0.5,-190,0.93,0.655,0.605,-0.050000000000000044,10-25 13:43,N
10,LAD@TOR,2025-10-25,Andy Pages,DraftKings,batter_doubles,Under,0.5,-710,0.19,0.877,0.827,-0.050000000000000044,10-25 13:43,N
81,LAD@TOR,2025-10-25,Alejandro Kirk,BetMGM,batter_hits,Over,0.5,-190,0.93,0.655,0.605,-0.050000000000000044,10-25 13:43,N
39,LAD@TOR,2025-10-25,Shohei Ohtani,BetMGM,batter_singles,Over,0.5,135,0.47,0.426,0.375,-0.05099999999999999,10-25 13:43,N
32,LAD@TOR,2025-10-25,Shohei Ohtani,DraftKings,batter_singles,Over,0.5,135,0.47,0.426,0.375,-0.05099999999999999,10-25 13:43,N
0,LAD@TOR,2025-10-25,Bo Bichette,FanDuel,batter_singles,Over,0.5,-130,0.72,0.565,0.513,-0.051999999999999935,10-25 13:43,N
53,LAD@TOR,2025-10-25,Bo Bichette,BetMGM,batter_singles,Over,0.5,-130,0.72,0.565,0.513,-0.051999999999999935,10-25 13:43,N
41,LAD@TOR,2025-10-25,Mookie Betts,Caesars,batter_home_runs,Over,0.5,475,0.13,0.174,0.122,-0.05199999999999999,10-25 13:43,N
9,LAD@TOR,2025-10-25,Teoscar Hernandez,FanDuel,batter_hits,Over,0.5,-185,0.91,0.649,0.597,-0.052000000000000046,10-25 13:43,N
3,LAD@TOR,2025-10-25,Andres Gimenez,BetMGM,batter_stolen_bases,Under,0.5,-1600,0.12,0.941,0.887,-0.05399999999999994,10-25 13:43,N
3,LAD@TOR,2025-10-25,Shohei Ohtani,FanDuel,batter_hits,Over,0.5,-230,1.03,0.697,0.643,-0.05399999999999994,10-25 13:43,N
54,LAD@TOR,2025-10-25,Vladimir Guerrero Jr.,DraftKings,batter_hits,Over,1.5,187,1.0799999999999998,0.348,0.294,-0.05399999999999999,10-25 13:43,N
7,LAD@TOR,2025-10-25,George Springer,FanDuel,batter_singles,Over,0.5,105,0.57,0.488,0.434,-0.05399999999999999,10-25 13:43,N
28,LAD@TOR,2025-10-25,Nathan Lukes,BetMGM,batter_hits,Under,0.5,135,0.9899999999999999,0.426,0.372,-0.05399999999999999,10-25 13:43,N
158,LAD@TOR,2025-10-25,Bo Bichette,Caesars,batter_hits,Over,1.5,190,1.0699999999999998,0.345,0.29,-0.05499999999999999,10-25 13:43,N
7,LAD@TOR,2025-10-25,Addison Barger,BetMGM,batter_home_runs,Under,0.5,-1400,0.13,0.933,0.878,-0.05500000000000005,10-25 13:43,N
26,LAD@TOR,2025-10-25,Andy Pages,BetMGM,batter_doubles,Under,0.5,-750,0.19,0.882,0.827,-0.05500000000000005,10-25 13:43,N
34,LAD@TOR,2025-10-25,Vladimir Guerrero Jr.,BetMGM,batter_doubles,Under,0.5,-650,0.21,0.867,0.811,-0.05599999999999994,10-25 13:43,N
156,LAD@TOR,2025-10-25,Mookie Betts,Caesars,batter_hits,Over,0.5,-245,1.06,0.71,0.654,-0.05599999999999994,10-25 13:43,N
30,LAD@TOR,2025-10-25,Teoscar Hernandez,BetMGM,batter_doubles,Under,0.5,-700,0.2,0.875,0.819,-0.05600000000000005,10-25 13:43,N
3,LAD@TOR,2025-10-25,George Springer,DraftKings,batter_walks,Under,0.5,-221,0.46,0.688,0.631,-0.05699999999999994,10-25 13:43,N
178,LAD@TOR,2025-10-25,George Springer,Caesars,batter_hits,Over,1.5,235,0.9400000000000001,0.299,0.242,-0.056999999999999995,10-25 13:43,N
1,LAD@TOR,2025-10-25,Vladimir Guerrero Jr.,FanDuel,batter_home_runs,Over,0.5,370,0.17,0.213,0.156,-0.056999999999999995,10-25 13:43,N
173,LAD@TOR,2025-10-25,Tommy Edman,Caesars,batter_hits,Over,0.5,-179,0.88,0.642,0.585,-0.05700000000000005,10-25 13:43,N
140,LAD@TOR,2025-10-25,Freddie Freeman,Caesars,batter_hits,Over,0.5,-230,1.02,0.697,0.639,-0.05799999999999994,10-25 13:43,N
5,LAD@TOR,2025-10-25,Bo Bichette,DraftKings,batter_doubles,Under,0.5,-620,0.22,0.861,0.803,-0.05799999999999994,10-25 13:43,N
13,LAD@TOR,2025-10-25,Tommy Edman,DraftKings,batter_doubles,Under,0.5,-770,0.19,0.885,0.827,-0.05800000000000005,10-25 13:43,N
9,LAD@TOR,2025-10-25,Nathan Lukes,DraftKings,batter_doubles,Under,0.5,-710,0.2,0.877,0.819,-0.05800000000000005,10-25 13:43,N
135,LAD@TOR,2025-10-25,Teoscar Hernandez,Caesars,batter_hits,Over,0.5,-190,0.91,0.655,0.597,-0.05800000000000005,10-25 13:43,N
3,LAD@TOR,2025-10-25,Mookie Betts,FanDuel,batter_singles,Over,0.5,-125,0.69,0.556,0.498,-0.05800000000000005,10-25 13:43,N
1,LAD@TOR,2025-10-25,Vladimir Guerrero Jr.,FanDuel,batter_singles,Over,0.5,-125,0.69,0.556,0.498,-0.05800000000000005,10-25 13:43,N
2,LAD@TOR,2025-10-25,Nathan Lukes,FanDuel,batter_singles,Over,0.5,-125,0.69,0.556,0.498,-0.05800000000000005,10-25 13:43,N
6,LAD@TOR,2025-10-25,Alejandro Kirk,DraftKings,batter_singles,Under,0.5,-145,0.63,0.592,0.533,-0.05899999999999994,10-25 13:43,N
9,LAD@TOR,2025-10-25,Teoscar Hernandez,FanDuel,batter_singles,Over,0.5,110,0.54,0.476,0.417,-0.059,10-25 13:43,N
155,LAD@TOR,2025-10-25,Mookie Betts,Caesars,batter_hits,Over,1.5,190,1.06,0.345,0.286,-0.059,10-25 13:43,N
11,LAD@TOR,2025-10-25,Teoscar Hernandez,DraftKings,batter_walks,Over,0.5,279,0.23,0.264,0.205,-0.059000000000000025,10-25 13:43,N
0,LAD@TOR,2025-10-25,Mookie Betts,FanDuel,batter_hits,Over,0.5,-250,1.06,0.714,0.654,-0.05999999999999994,10-25 13:43,N
26,LAD@TOR,2025-10-25,Will Smith,DraftKings,batter_singles,Over,0.5,107,0.55,0.483,0.423,-0.06,10-25 13:43,N
2,LAD@TOR,2025-10-25,Will Smith,FanDuel,batter_doubles,Over,0.5,330,0.19,0.233,0.173,-0.060000000000000026,10-25 13:43,N
142,LAD@TOR,2025-10-25,Freddie Freeman,Caesars,batter_hits,Over,1.5,200,1.02,0.333,0.272,-0.061,10-25 13:43,N
64,LAD@TOR,2025-10-25,Vladimir Guerrero Jr.,DraftKings,batter_home_runs,Over,0.5,361,0.17,0.217,0.156,-0.061,10-25 13:43,N
60,LAD@TOR,2025-10-25,Will Smith,DraftKings,batter_hits,Over,0.5,-189,0.9,0.654,0.593,-0.061000000000000054,10-25 13:43,N
85,LAD@TOR,2025-10-25,Freddie Freeman,BetMGM,batter_hits,Over,0.5,-235,1.02,0.701,0.639,-0.061999999999999944,10-25 13:43,N
176,LAD@TOR,2025-10-25,Will Smith,Caesars,batter_hits,Over,1.5,245,0.9,0.29,0.228,-0.06199999999999997,10-25 13:43,N
12,LAD@TOR,2025-10-25,Ernie Clement,DraftKings,batter_hits,Under,0.5,117,0.9200000000000002,0.461,0.399,-0.062,10-25 13:43,N
59,LAD@TOR,2025-10-25,George Springer,DraftKings,batter_hits,Over,0.5,-204,0.9400000000000001,0.671,0.609,-0.062000000000000055,10-25 13:43,N
74,LAD@TOR,2025-10-25,Will Smith,BetMGM,batter_hits,Over,0.5,-190,0.9,0.655,0.593,-0.062000000000000055,10-25 13:43,N
28,LAD@TOR,2025-10-25,Nathan Lukes,BetMGM,batter_singles,Under,0.5,-130,0.69,0.565,0.502,-0.06299999999999994,10-25 13:43,N
24,LAD@TOR,2025-10-25,Enrique Hernandez,DraftKings,batter_strikeouts,Over,1.5,240,0.91,0.294,0.231,-0.06299999999999997,10-25 13:43,N
148,LAD@TOR,2025-10-25,Vladimir Guerrero Jr.,Caesars,batter_hits,Over,1.5,180,1.0799999999999998,0.357,0.294,-0.063,10-25 13:43,N
88,LAD@TOR,2025-10-25,Vladimir Guerrero Jr.,BetMGM,batter_hits,Over,1.5,180,1.0799999999999998,0.357,0.294,-0.063,10-25 13:43,N
25,LAD@TOR,2025-10-25,Addison Barger,BetMGM,batter_doubles,Under,0.5,-750,0.2,0.882,0.819,-0.06300000000000006,10-25 13:43,N
17,LAD@TOR,2025-10-25,Daulton Varsho,DraftKings,batter_singles,Under,0.5,-243,0.44,0.708,0.644,-0.06399999999999995,10-25 13:43,N
12,LAD@TOR,2025-10-25,Enrique Hernandez,DraftKings,batter_walks,Over,0.5,283,0.22,0.261,0.197,-0.064,10-25 13:43,N
36,LAD@TOR,2025-10-25,Nathan Lukes,DraftKings,batter_strikeouts,Over,1.5,364,0.69,0.216,0.152,-0.064,10-25 13:43,N
21,LAD@TOR,2025-10-25,Shohei Ohtani,BetMGM,batter_home_runs,Over,0.5,210,0.3,0.323,0.259,-0.064,10-25 13:43,N
0,LAD@TOR,2025-10-25,Shohei Ohtani,FanDuel,batter_home_runs,Over,0.5,210,0.3,0.323,0.259,-0.064,10-25 13:43,N
7,LAD@TOR,2025-10-25,Tommy Edman,FanDuel,batter_hits,Over,0.5,-185,0.88,0.649,0.585,-0.06400000000000006,10-25 13:43,N
25,LAD@TOR,2025-10-25,Addison Barger,BetMGM,batter_singles,Under,0.5,-210,0.49,0.677,0.613,-0.06400000000000006,10-25 13:43,N
6,LAD@TOR,2025-10-25,Will Smith,FanDuel,batter_singles,Over,0.5,105,0.55,0.488,0.423,-0.065,10-25 13:43,N
4,LAD@TOR,2025-10-25,Daulton Varsho,BetMGM,batter_home_runs,Under,0.5,-1000,0.17,0.909,0.844,-0.06500000000000006,10-25 13:43,N
1,LAD@TOR,2025-10-25,Shohei Ohtani,BetMGM,batter_stolen_bases,Under,0.5,-1000,0.17,0.909,0.844,-0.06500000000000006,10-25 13:43,N
1,LAD@TOR,2025-10-25,Freddie Freeman,DraftKings,batter_doubles,Under,0.5,-578,0.24,0.853,0.787,-0.06599999999999995,10-25 13:43,N
26,LAD@TOR,2025-10-25,Addison Barger,DraftKings,batter_strikeouts,Over,0.5,-265,1.08,0.726,0.66,-0.06599999999999995,10-25 13:43,N
55,LAD@TOR,2025-10-25,Mookie Betts,DraftKings,batter_hits,Over,0.5,-257,1.06,0.72,0.654,-0.06599999999999995,10-25 13:43,N
17,LAD@TOR,2025-10-25,Daulton Varsho,DraftKings,batter_hits,Under,0.5,-110,0.78,0.524,0.458,-0.066,10-25 13:43,N
37,LAD@TOR,2025-10-25,Vladimir Guerrero Jr.,Caesars,batter_home_runs,Over,0.5,350,0.17,0.222,0.156,-0.066,10-25 13:43,N
34,LAD@TOR,2025-10-25,Vladimir Guerrero Jr.,BetMGM,batter_home_runs,Over,0.5,350,0.17,0.222,0.156,-0.066,10-25 13:43,N
174,LAD@TOR,2025-10-25,Will Smith,Caesars,batter_hits,Over,0.5,-193,0.9,0.659,0.593,-0.06600000000000006,10-25 13:43,N
1,LAD@TOR,2025-10-25,Freddie Freeman,FanDuel,batter_hits,Over,0.5,-240,1.02,0.706,0.639,-0.06699999999999995,10-25 13:43,N
4,LAD@TOR,2025-10-25,Mookie Betts,BetMGM,batter_stolen_bases,Under,0.5,-10000,0.08,0.99,0.923,-0.06699999999999995,10-25 13:43,N
18,LAD@TOR,2025-10-25,Vladimir Guerrero Jr.,DraftKings,batter_singles,Over,0.5,-130,0.69,0.565,0.498,-0.06699999999999995,10-25 13:43,N
18,LAD@TOR,2025-10-25,Will Smith,DraftKings,batter_strikeouts,Over,1.5,244,0.89,0.291,0.224,-0.06699999999999998,10-25 13:43,N
3,LAD@TOR,2025-10-25,Tommy Edman,FanDuel,batter_stolen_bases,Over,0.5,700,0.06,0.125,0.058,-0.067,10-25 13:43,N
29,LAD@TOR,2025-10-25,Andres Gimenez,BetMGM,batter_hits,Under,0.5,-105,0.81,0.512,0.445,-0.067,10-25 13:43,N
8,LAD@TOR,2025-10-25,Alejandro Kirk,DraftKings,batter_walks,Under,0.5,-338,0.35,0.772,0.705,-0.06700000000000006,10-25 13:43,N
179,LAD@TOR,2025-10-25,George Springer,Caesars,batter_hits,Over,0.5,-209,0.9400000000000001,0.676,0.609,-0.06700000000000006,10-25 13:43,N
56,LAD@TOR,2025-10-25,Shohei Ohtani,DraftKings,batter_hits,Over,0.5,-246,1.03,0.711,0.643,-0.06799999999999995,10-25 13:43,N
5,LAD@TOR,2025-10-25,Ernie Clement,DraftKings,batter_singles,Under,0.5,-141,0.66,0.585,0.517,-0.06799999999999995,10-25 13:43,N
7,LAD@TOR,2025-10-25,Addison Barger,DraftKings,batter_walks,Over,0.5,228,0.27,0.305,0.237,-0.068,10-25 13:43,N
27,LAD@TOR,2025-10-25,Kevin Gausman,DraftKings,pitcher_strikeouts,Over,8.5,910,4.28,0.099,0.031,-0.068,10-25 13:43,N
6,LAD@TOR,2025-10-25,Will Smith,FanDuel,batter_hits,Over,0.5,-195,0.9,0.661,0.593,-0.06800000000000006,10-25 13:43,N
0,LAD@TOR,2025-10-25,Andres Gimenez,FanDuel,batter_stolen_bases,Over,0.5,450,0.12,0.182,0.113,-0.06899999999999999,10-25 13:43,N
14,LAD@TOR,2025-10-25,Addison Barger,DraftKings,batter_doubles,Under,0.5,-790,0.2,0.888,0.819,-0.06900000000000006,10-25 13:43,N
21,LAD@TOR,2025-10-25,Freddie Freeman,DraftKings,batter_strikeouts,Over,1.5,249,0.87,0.287,0.217,-0.06999999999999998,10-25 13:43,N
72,LAD@TOR,2025-10-25,Tommy Edman,BetMGM,batter_hits,Over,0.5,-190,0.88,0.655,0.585,-0.07000000000000006,10-25 13:43,N
84,LAD@TOR,2025-10-25,Teoscar Hernandez,BetMGM,batter_hits,Over,0.5,-200,0.91,0.667,0.597,-0.07000000000000006,10-25 13:43,N
4,LAD@TOR,2025-10-25,Will Smith,DraftKings,batter_walks,Under,0.5,-223,0.48,0.69,0.619,-0.07099999999999995,10-25 13:43,N
75,LAD@TOR,2025-10-25,Shohei Ohtani,BetMGM,batter_hits,Over,0.5,-250,1.03,0.714,0.643,-0.07099999999999995,10-25 13:43,N
165,LAD@TOR,2025-10-25,Shohei Ohtani,Caesars,batter_hits,Over,0.5,-250,1.03,0.714,0.643,-0.07099999999999995,10-25 13:43,N
48,LAD@TOR,2025-10-25,Teoscar Hernandez,BetMGM,batter_singles,Over,0.5,105,0.54,0.488,0.417,-0.07100000000000001,10-25 13:43,N
2,LAD@TOR,2025-10-25,Kevin Gausman,BetMGM,pitcher_hits_allowed,Under,4.5,-115,4.87,0.535,0.464,-0.07100000000000001,10-25 13:43,N
8,LAD@TOR,2025-10-25,Shohei Ohtani,DraftKings,batter_doubles,Under,0.5,-660,0.23,0.868,0.795,-0.07299999999999995,10-25 13:43,N
5,LAD@TOR,2025-10-25,Freddie Freeman,DraftKings,batter_walks,Under,0.5,-246,0.45,0.711,0.638,-0.07299999999999995,10-25 13:43,N
5,LAD@TOR,2025-10-25,Tommy Edman,FanDuel,batter_singles,Over,0.5,-110,0.6,0.524,0.451,-0.07300000000000001,10-25 13:43,N
20,LAD@TOR,2025-10-25,Yoshinobu Yamamoto,DraftKings,pitcher_strikeouts,Over,9.5,1080,4.25,0.085,0.012,-0.07300000000000001,10-25 13:43,N
65,LAD@TOR,2025-10-25,Mookie Betts,DraftKings,batter_home_runs,Over,0.5,409,0.13,0.196,0.122,-0.07400000000000001,10-25 13:43,N
4,LAD@TOR,2025-10-25,Kevin Gausman,DraftKings,pitcher_walks,Over,0.5,-710,1.62,0.877,0.802,-0.07499999999999996,10-25 13:43,N
2,LAD@TOR,2025-10-25,George Springer,FanDuel,batter_stolen_bases,Over,0.5,520,0.09,0.161,0.086,-0.07500000000000001,10-25 13:43,N
166,LAD@TOR,2025-10-25,Shohei Ohtani,Caesars,batter_hits,Over,1.5,185,1.03,0.351,0.275,-0.07599999999999996,10-25 13:43,N
89,LAD@TOR,2025-10-25,Bo Bichette,BetMGM,batter_hits,Over,0.5,-275,1.0699999999999998,0.733,0.657,-0.07599999999999996,10-25 13:43,N
29,LAD@TOR,2025-10-25,Andres Gimenez,BetMGM,batter_singles,Under,0.5,-175,0.58,0.636,0.56,-0.07599999999999996,10-25 13:43,N
14,LAD@TOR,2025-10-25,Yoshinobu Yamamoto,DraftKings,pitcher_hits_allowed,Over,7.5,479,4.62,0.173,0.097,-0.07599999999999998,10-25 13:43,N
25,LAD@TOR,2025-10-25,Addison Barger,BetMGM,batter_hits,Under,0.5,-105,0.83,0.512,0.436,-0.07600000000000001,10-25 13:43,N
22,LAD@TOR,2025-10-25,George Springer,DraftKings,batter_singles,Over,0.5,-104,0.57,0.51,0.434,-0.07600000000000001,10-25 13:43,N
4,LAD@TOR,2025-10-25,Freddie Freeman,FanDuel,batter_singles,Over,0.5,-120,0.63,0.545,0.467,-0.07800000000000001,10-25 13:43,N
41,LAD@TOR,2025-10-25,George Springer,BetMGM,batter_singles,Over,0.5,-105,0.57,0.512,0.434,-0.07800000000000001,10-25 13:43,N
38,LAD@TOR,2025-10-25,Andy Pages,DraftKings,batter_strikeouts,Over,0.5,-179,0.83,0.642,0.564,-0.07800000000000007,10-25 13:43,N
77,LAD@TOR,2025-10-25,George Springer,BetMGM,batter_hits,Over,0.5,-220,0.9400000000000001,0.688,0.609,-0.07899999999999996,10-25 13:43,N
5,LAD@TOR,2025-10-25,Daulton Varsho,DraftKings,batter_strikeouts,Over,1.5,134,1.23,0.427,0.348,-0.07900000000000001,10-25 13:43,N
93,LAD@TOR,2025-10-25,Vladimir Guerrero Jr.,DraftKings,batter_hits,Over,0.5,-284,1.0799999999999998,0.74,0.66,-0.07999999999999996,10-25 13:43,N
9,LAD@TOR,2025-10-25,Tommy Edman,DraftKings,batter_walks,Over,0.5,261,0.22,0.277,0.197,-0.08000000000000002,10-25 13:43,N
36,LAD@TOR,2025-10-25,Shohei Ohtani,Caesars,batter_home_runs,Over,0.5,195,0.3,0.339,0.259,-0.08000000000000002,10-25 13:43,N
6,LAD@TOR,2025-10-25,Kevin Gausman,DraftKings,pitcher_walks,Over,2.5,230,1.62,0.303,0.222,-0.08099999999999999,10-25 13:43,N
16,LAD@TOR,2025-10-25,Ernie Clement,DraftKings,batter_walks,Over,0.5,355,0.15,0.22,0.139,-0.08099999999999999,10-25 13:43,N
11,LAD@TOR,2025-10-25,Teoscar Hernandez,DraftKings,batter_strikeouts,Over,0.5,-322,1.14,0.763,0.68,-0.08299999999999996,10-25 13:43,N
30,LAD@TOR,2025-10-25,Bo Bichette,DraftKings,batter_strikeouts,Over,1.5,289,0.75,0.257,0.173,-0.08400000000000002,10-25 13:43,N
9,LAD@TOR,2025-10-25,Yoshinobu Yamamoto,DraftKings,pitcher_hits_allowed,Over,2.5,-1200,4.62,0.923,0.839,-0.08400000000000007,10-25 13:43,N
52,LAD@TOR,2025-10-25,Vladimir Guerrero Jr.,BetMGM,batter_singles,Over,0.5,-140,0.69,0.583,0.498,-0.08499999999999996,10-25 13:43,N
63,LAD@TOR,2025-10-25,Shohei Ohtani,DraftKings,batter_home_runs,Over,0.5,190,0.3,0.345,0.259,-0.08599999999999997,10-25 13:43,N
0,LAD@TOR,2025-10-25,Kevin Gausman,DraftKings,pitcher_hits_allowed,Under,4.5,-122,4.87,0.55,0.464,-0.08600000000000002,10-25 13:43,N
11,LAD@TOR,2025-10-25,Nathan Lukes,DraftKings,batter_hits,Under,0.5,118,0.9899999999999999,0.459,0.372,-0.08700000000000002,10-25 13:43,N
16,LAD@TOR,2025-10-25,Addison Barger,DraftKings,batter_hits,Under,0.5,-110,0.83,0.524,0.436,-0.08800000000000002,10-25 13:43,N
51,LAD@TOR,2025-10-25,Ernie Clement,DraftKings,batter_strikeouts,Over,1.5,529,0.43,0.159,0.07,-0.089,10-25 13:43,N
33,LAD@TOR,2025-10-25,Vladimir Guerrero Jr.,DraftKings,batter_strikeouts,Over,1.5,312,0.69,0.243,0.152,-0.091,10-25 13:43,N
16,LAD@TOR,2025-10-25,Addison Barger,DraftKings,batter_singles,Under,0.5,-239,0.49,0.705,0.613,-0.09199999999999997,10-25 13:43,N
10,LAD@TOR,2025-10-25,Daulton Varsho,DraftKings,batter_walks,Under,0.5,-395,0.35,0.798,0.705,-0.09300000000000008,10-25 13:43,N
12,LAD@TOR,2025-10-25,Kevin Gausman,FanDuel,pitcher_strikeouts,Over,8.5,700,4.28,0.125,0.031,-0.094,10-25 13:43,N
149,LAD@TOR,2025-10-25,Vladimir Guerrero Jr.,Caesars,batter_hits,Over,0.5,-310,1.0799999999999998,0.756,0.66,-0.09599999999999997,10-25 13:43,N
45,LAD@TOR,2025-10-25,Alejandro Kirk,DraftKings,batter_strikeouts,Over,1.5,426,0.51,0.19,0.093,-0.097,10-25 13:43,N
34,LAD@TOR,2025-10-25,Kevin Gausman,Caesars,pitcher_strikeouts,Over,8.5,675,4.28,0.129,0.031,-0.098,10-25 13:43,N
35,LAD@TOR,2025-10-25,Yoshinobu Yamamoto,Caesars,pitcher_strikeouts,Over,9.5,800,4.25,0.111,0.012,-0.099,10-25 13:43,N
10,LAD@TOR,2025-10-25,Nathan Lukes,DraftKings,batter_singles,Under,0.5,-152,0.69,0.603,0.502,-0.10099999999999998,10-25 13:43,N
14,LAD@TOR,2025-10-25,Andy Pages,DraftKings,batter_walks,Over,0.5,302,0.16,0.249,0.148,-0.101,10-25 13:43,N
9,LAD@TOR,2025-10-25,George Springer,DraftKings,batter_strikeouts,Over,1.5,173,0.99,0.366,0.261,-0.10499999999999998,10-25 13:43,N
5,LAD@TOR,2025-10-25,Kevin Gausman,DraftKings,pitcher_walks,Over,1.5,-144,1.62,0.59,0.482,-0.10799999999999998,10-25 13:43,N
47,LAD@TOR,2025-10-25,Tommy Edman,DraftKings,batter_strikeouts,Over,0.5,-141,0.64,0.585,0.473,-0.11199999999999999,10-25 13:43,N
13,LAD@TOR,2025-10-25,Yoshinobu Yamamoto,DraftKings,pitcher_hits_allowed,Over,6.5,236,4.62,0.298,0.185,-0.11299999999999999,10-25 13:43,N
42,LAD@TOR,2025-10-25,Mookie Betts,DraftKings,batter_strikeouts,Over,1.5,391,0.49,0.204,0.087,-0.11699999999999999,10-25 13:43,N
4,LAD@TOR,2025-10-25,Daulton Varsho,DraftKings,batter_strikeouts,Over,0.5,-474,1.23,0.826,0.708,-0.118,10-25 13:43,N
23,LAD@TOR,2025-10-25,Enrique Hernandez,DraftKings,batter_strikeouts,Over,0.5,-251,0.91,0.715,0.597,-0.118,10-25 13:43,N
26,LAD@TOR,2025-10-25,Kevin Gausman,DraftKings,pitcher_strikeouts,Over,7.5,419,4.28,0.193,0.07,-0.123,10-25 13:43,N
17,LAD@TOR,2025-10-25,Will Smith,DraftKings,batter_strikeouts,Over,0.5,-248,0.89,0.713,0.589,-0.124,10-25 13:43,N
19,LAD@TOR,2025-10-25,Yoshinobu Yamamoto,DraftKings,pitcher_strikeouts,Over,8.5,539,4.25,0.156,0.03,-0.126,10-25 13:43,N
35,LAD@TOR,2025-10-25,Nathan Lukes,DraftKings,batter_strikeouts,Over,0.5,-167,0.69,0.625,0.498,-0.127,10-25 13:43,N
10,LAD@TOR,2025-10-25,Yoshinobu Yamamoto,DraftKings,pitcher_hits_allowed,Over,3.5,-413,4.62,0.805,0.678,-0.127,10-25 13:43,N
20,LAD@TOR,2025-10-25,Freddie Freeman,DraftKings,batter_strikeouts,Over,0.5,-244,0.87,0.709,0.581,-0.128,10-25 13:43,N
2,LAD@TOR,2025-10-25,Vladimir Guerrero Jr.,DraftKings,batter_walks,Over,0.5,101,0.46,0.498,0.369,-0.129,10-25 13:43,N
1,LAD@TOR,2025-10-25,Shohei Ohtani,DraftKings,batter_strikeouts,Over,1.5,120,1.14,0.455,0.316,-0.139,10-25 13:43,N
21,LAD@TOR,2025-10-25,Kevin Gausman,DraftKings,pitcher_strikeouts,Over,2.5,-1580,4.28,0.94,0.8,-0.1399999999999999,10-25 13:43,N
8,LAD@TOR,2025-10-25,George Springer,DraftKings,batter_strikeouts,Over,0.5,-337,0.99,0.771,0.628,-0.14300000000000002,10-25 13:43,N
12,LAD@TOR,2025-10-25,Yoshinobu Yamamoto,DraftKings,pitcher_hits_allowed,Over,5.5,117,4.62,0.461,0.318,-0.14300000000000002,10-25 13:43,N
29,LAD@TOR,2025-10-25,Bo Bichette,DraftKings,batter_strikeouts,Over,0.5,-206,0.75,0.673,0.528,-0.14500000000000002,10-25 13:43,N
11,LAD@TOR,2025-10-25,Kevin Gausman,FanDuel,pitcher_strikeouts,Over,7.5,360,4.28,0.217,0.07,-0.147,10-25 13:43,N
33,LAD@TOR,2025-10-25,Kevin Gausman,Caesars,pitcher_strikeouts,Over,7.5,360,4.28,0.217,0.07,-0.147,10-25 13:43,N
18,LAD@TOR,2025-10-25,Yoshinobu Yamamoto,BetMGM,pitcher_hits_allowed,Over,5.5,115,4.62,0.465,0.318,-0.14700000000000002,10-25 13:43,N
11,LAD@TOR,2025-10-25,Yoshinobu Yamamoto,DraftKings,pitcher_hits_allowed,Over,4.5,-178,4.62,0.64,0.491,-0.14900000000000002,10-25 13:43,N
0,LAD@TOR,2025-10-25,Shohei Ohtani,DraftKings,batter_strikeouts,Over,0.5,-492,1.14,0.831,0.68,-0.1509999999999999,10-25 13:43,N
5,LAD@TOR,2025-10-25,Yoshinobu Yamamoto,FanDuel,pitcher_strikeouts,Over,8.5,450,4.25,0.182,0.03,-0.152,10-25 13:43,N
0,LAD@TOR,2025-10-25,Shohei Ohtani,DraftKings,batter_walks,Over,0.5,-158,0.61,0.612,0.457,-0.15499999999999997,10-25 13:43,N
41,LAD@TOR,2025-10-25,Yoshinobu Yamamoto,Caesars,pitcher_strikeouts,Over,8.5,425,4.25,0.19,0.03,-0.16,10-25 13:43,N
13,LAD@TOR,2025-10-25,Yoshinobu Yamamoto,DraftKings,pitcher_strikeouts,Over,2.5,-2200,4.25,0.957,0.796,-0.16099999999999992,10-25 13:43,N
32,LAD@TOR,2025-10-25,Vladimir Guerrero Jr.,DraftKings,batter_strikeouts,Over,0.5,-196,0.69,0.662,0.498,-0.16400000000000003,10-25 13:43,N
13,LAD@TOR,2025-10-25,Nathan Lukes,DraftKings,batter_walks,Under,0.5,-439,0.44,0.814,0.644,-0.16999999999999993,10-25 13:43,N
6,LAD@TOR,2025-10-25,Kevin Gausman,FanDuel,pitcher_strikeouts,Over,2.5,-3500,4.28,0.972,0.8,-0.17199999999999993,10-25 13:43,N
0,LAD@TOR,2025-10-25,Kevin Gausman,FanDuel,pitcher_outs,Over,16.5,-102,14.879999999999999,0.505,0.324,-0.181,10-25 13:43,N
2,LAD@TOR,2025-10-25,Kevin Gausman,DraftKings,pitcher_outs,Over,16.5,-103,14.879999999999999,0.507,0.324,-0.183,10-25 13:43,N
25,LAD@TOR,2025-10-25,Kevin Gausman,DraftKings,pitcher_strikeouts,Over,6.5,208,4.28,0.325,0.142,-0.18300000000000002,10-25 13:43,N
3,LAD@TOR,2025-10-25,Kevin Gausman,BetMGM,pitcher_outs,Over,16.5,-110,14.879999999999999,0.524,0.324,-0.2,10-25 13:43,N
5,LAD@TOR,2025-10-25,Kevin Gausman,Caesars,pitcher_outs,Over,16.5,-110,14.879999999999999,0.524,0.324,-0.2,10-25 13:43,N
50,LAD@TOR,2025-10-25,Ernie Clement,DraftKings,batter_strikeouts,Over,0.5,-122,0.43,0.55,0.349,-0.20100000000000007,10-25 13:43,N
44,LAD@TOR,2025-10-25,Alejandro Kirk,DraftKings,batter_strikeouts,Over,0.5,-151,0.51,0.602,0.4,-0.20199999999999996,10-25 13:43,N
18,LAD@TOR,2025-10-25,Yoshinobu Yamamoto,DraftKings,pitcher_strikeouts,Over,7.5,271,4.25,0.27,0.067,-0.203,10-25 13:43,N
32,LAD@TOR,2025-10-25,Kevin Gausman,Caesars,pitcher_strikeouts,Over,6.5,185,4.28,0.351,0.142,-0.209,10-25 13:43,N
10,LAD@TOR,2025-10-25,Kevin Gausman,FanDuel,pitcher_strikeouts,Over,6.5,182,4.28,0.355,0.142,-0.213,10-25 13:43,N
22,LAD@TOR,2025-10-25,Kevin Gausman,DraftKings,pitcher_strikeouts,Over,3.5,-504,4.28,0.834,0.619,-0.21499999999999997,10-25 13:43,N
41,LAD@TOR,2025-10-25,Mookie Betts,DraftKings,batter_strikeouts,Over,0.5,-156,0.49,0.609,0.387,-0.22199999999999998,10-25 13:43,N
43,LAD@TOR,2025-10-25,Kevin Gausman,BetMGM,pitcher_strikeouts,Over,5.5,105,4.28,0.488,0.26,-0.22799999999999998,10-25 13:43,N
4,LAD@TOR,2025-10-25,Yoshinobu Yamamoto,FanDuel,pitcher_strikeouts,Over,7.5,235,4.25,0.299,0.067,-0.23199999999999998,10-25 13:43,N
24,LAD@TOR,2025-10-25,Kevin Gausman,DraftKings,pitcher_strikeouts,Over,5.5,101,4.28,0.498,0.26,-0.238,10-25 13:43,N
40,LAD@TOR,2025-10-25,Yoshinobu Yamamoto,Caesars,pitcher_strikeouts,Over,7.5,225,4.25,0.308,0.067,-0.241,10-25 13:43,N
9,LAD@TOR,2025-10-25,Kevin Gausman,FanDuel,pitcher_strikeouts,Over,5.5,-104,4.28,0.51,0.26,-0.25,10-25 13:43,N
29,LAD@TOR,2025-10-25,Kevin Gausman,Caesars,pitcher_strikeouts,Over,3.5,-675,4.28,0.871,0.619,-0.252,10-25 13:43,N
31,LAD@TOR,2025-10-25,Kevin Gausman,Caesars,pitcher_strikeouts,Over,5.5,-105,4.28,0.512,0.26,-0.252,10-25 13:43,N
23,LAD@TOR,2025-10-25,Kevin Gausman,DraftKings,pitcher_strikeouts,Over,4.5,-211,4.28,0.678,0.426,-0.25200000000000006,10-25 13:43,N
14,LAD@TOR,2025-10-25,Yoshinobu Yamamoto,DraftKings,pitcher_strikeouts,Over,3.5,-690,4.25,0.873,0.614,-0.259,10-25 13:43,N
7,LAD@TOR,2025-10-25,Kevin Gausman,FanDuel,pitcher_strikeouts,Over,3.5,-750,4.28,0.882,0.619,-0.263,10-25 13:43,N
1,LAD@TOR,2025-10-25,Yoshinobu Yamamoto,DraftKings,pitcher_outs,Over,18.5,121,15.120000000000001,0.452,0.189,-0.263,10-25 13:43,N
30,LAD@TOR,2025-10-25,Kevin Gausman,Caesars,pitcher_strikeouts,Over,4.5,-240,4.28,0.706,0.426,-0.27999999999999997,10-25 13:43,N
17,LAD@TOR,2025-10-25,Yoshinobu Yamamoto,DraftKings,pitcher_strikeouts,Over,6.5,138,4.25,0.42,0.138,-0.282,10-25 13:43,N
4,LAD@TOR,2025-10-25,Yoshinobu Yamamoto,BetMGM,pitcher_outs,Over,18.5,110,15.120000000000001,0.476,0.189,-0.287,10-25 13:43,N
8,LAD@TOR,2025-10-25,Kevin Gausman,FanDuel,pitcher_strikeouts,Over,4.5,-270,4.28,0.73,0.426,-0.304,10-25 13:43,N
39,LAD@TOR,2025-10-25,Yoshinobu Yamamoto,Caesars,pitcher_strikeouts,Over,6.5,120,4.25,0.455,0.138,-0.317,10-25 13:43,N
3,LAD@TOR,2025-10-25,Yoshinobu Yamamoto,FanDuel,pitcher_strikeouts,Over,6.5,118,4.25,0.459,0.138,-0.321,10-25 13:43,N
36,LAD@TOR,2025-10-25,Yoshinobu Yamamoto,Caesars,pitcher_strikeouts,Over,3.5,-1450,4.25,0.935,0.614,-0.32100000000000006,10-25 13:43,N
0,LAD@TOR,2025-10-25,Yoshinobu Yamamoto,FanDuel,pitcher_strikeouts,Over,3.5,-1450,4.25,0.935,0.614,-0.32100000000000006,10-25 13:43,N
15,LAD@TOR,2025-10-25,Yoshinobu Yamamoto,DraftKings,pitcher_strikeouts,Over,4.5,-294,4.25,0.746,0.42,-0.326,10-25 13:43,N
16,LAD@TOR,2025-10-25,Yoshinobu Yamamoto,DraftKings,pitcher_strikeouts,Over,5.5,-142,4.25,0.587,0.255,-0.33199999999999996,10-25 13:43,N
38,LAD@TOR,2025-10-25,Yoshinobu Yamamoto,Caesars,pitcher_strikeouts,Over,5.5,-150,4.25,0.6,0.255,-0.345,10-25 13:43,N
44,LAD@TOR,2025-10-25,Yoshinobu Yamamoto,BetMGM,pitcher_strikeouts,Over,5.5,-150,4.25,0.6,0.255,-0.345,10-25 13:43,N
2,LAD@TOR,2025-10-25,Yoshinobu Yamamoto,FanDuel,pitcher_strikeouts,Over,5.5,-168,4.25,0.627,0.255,-0.372,10-25 13:43,N
37,LAD@TOR,2025-10-25,Yoshinobu Yamamoto,Caesars,pitcher_strikeouts,Over,4.5,-380,4.25,0.792,0.42,-0.37200000000000005,10-25 13:43,N
1,LAD@TOR,2025-10-25,Yoshinobu Yamamoto,FanDuel,pitcher_strikeouts,Over,4.5,-440,4.25,0.815,0.42,-0.39499999999999996,10-25 13:43,N
