,PLAYERID,NAME,HAND,TEAM,OPP_TM,SALARY,POS,LP,OL,OD,IPL,ERROR,2H,PITCHER,CATCHER,UMPIRE,PARK,ROOF,GVF,PLATOON,HFA,PH%,COLD,TILT_BIAS,FPTS,FPTS/$,RBI,R,SB,CS,SH,SF,GIDP,HR_DEPENDENCE,0%_PH%_FPTS,SLATE,FLOOR,CEILING,POWN,PA,PAVSSP,PAVSSP%,BA,_OBP,SLG,ISO,WOBA,CNWOBA,XWOBA_CS,XWOBA_LS,AB,K,BB,IBB,HBP,H,1B,2B,3B,HR,TB,PARTNERID,OWNERSHIP
0,262363.0,Ronald Acuna Jr.,R,ATL,ATH,6400,OF,1,false,false,true,-,-,JP Sears,Shea Langeliers (-),Chris Guccione (N),SAC01,-,-,true,false,0%,false,56%,12.81,2.0,0.76,1.02,0.25,0.14,0.0,0.001,0.08,38%,12.81,Main,1.62,26.05,20.01,4.8,2.75,57%,0.309,0.404,0.614,0.305,0.431,0.4,0.378,0.342,4.13,0.92,0.59,0.02,0.08,1.28,0.67,0.27,0.01,0.32,2.54,262363.0,
1,326703.0,Juan Soto,L,NYM,BAL,5800,OF,3,false,false,true,-,2,Tomoyuki Sugano,Alex Jackson (N),-,BAL,-,-,true,false,0%,false,60%,12.16,2.1,0.95,0.95,0.05,0.03,0.01,0.001,0.1,46%,12.16,--,1.7,24.23,33.62,4.61,2.69,58%,0.31,0.422,0.655,0.345,0.45,0.411,0.41,0.454,3.85,0.63,0.72,0.06,0.03,1.19,0.61,0.21,0.01,0.36,2.52,326703.0,
2,326703.0,Juan Soto,L,NYM,BAL,5800,OF,3,true,true,true,-,1,Charlie Morton,Jacob Stallings (N),Jansen Visconti (H),BAL,-,-,true,false,0%,false,60%,11.72,2.02,0.87,0.9,0.07,0.03,0.01,0.002,0.08,41%,11.72,--,1.79,23.66,47.91,4.66,2.68,58%,0.29,0.446,0.606,0.316,0.443,0.411,0.41,0.454,3.62,0.85,0.99,0.07,0.03,1.05,0.54,0.18,0.01,0.31,2.2,326703.0,
3,2109143.0,Gunnar Henderson,L,BAL,NYM,1,--,3,false,false,true,-,2,Justin Hagenman,Luis Torrens (N),-,BAL,-,-,true,true,0%,false,65%,11.22,11220.0,0.84,0.82,0.08,0.04,0.0,0.001,0.07,44%,11.22,--,1.06,23.55,33.67,4.36,2.23,51%,0.308,0.385,0.64,0.332,0.429,0.362,0.325,0.382,3.87,0.91,0.46,0.05,0.03,1.19,0.59,0.23,0.04,0.32,2.48,2109143.0,
4,2039122.0,Cal Raleigh,B,SEA,NYY,6300,C,3,false,false,true,-,-,Marcus Stroman,Ben Rice (N),Nic Lentz (EH),NYY,-,H,true,false,0%,false,52%,11.17,1.77,0.96,0.88,0.05,0.02,0.0,0.002,0.07,46%,11.17,Main,1.31,22.98,12.87,4.62,2.72,59%,0.27,0.373,0.571,0.301,0.399,0.357,0.359,0.339,3.96,0.9,0.61,0.04,0.05,1.07,0.54,0.18,0.01,0.33,2.26,2039122.0,
5,11380.0,Mike Trout,R,LAA,TEX,4700,OF,3,false,false,true,-,-,Patrick Corbin,Jonah Heim (N),Nate Tomlinson (N),LAA,-,-,true,true,0%,false,69%,11.09,2.36,0.89,0.87,0.06,0.02,0.0,0.002,0.05,42%,11.09,Main,1.27,23.25,12.15,4.42,2.62,59%,0.294,0.396,0.605,0.311,0.42,0.374,0.361,0.405,3.78,1.02,0.59,0.07,0.05,1.11,0.56,0.22,0.03,0.3,2.28,11380.0,
6,894408.0,Pete Alonso,R,NYM,BAL,5100,1B,4,false,false,true,-,2,Tomoyuki Sugano,Alex Jackson (N),-,BAL,-,-,false,false,0%,false,57%,10.98,2.15,0.92,0.86,0.02,0.01,0.0,0.001,0.08,49%,10.98,--,1.22,22.67,37.57,4.52,2.62,58%,0.29,0.366,0.599,0.309,0.408,0.369,0.4,0.335,4.03,0.86,0.37,0.03,0.11,1.17,0.63,0.19,0.0,0.35,2.41,894408.0,
7,4061122.0,Elly De La Cruz,B,CIN,MIA,5700,SS,3,true,false,true,-,-,Cal Quantrill,Agustin Ramirez (-),Jeremie Rehak (P),CIN,-,H,true,true,0%,false,62%,10.97,1.92,0.74,0.72,0.35,0.07,0.02,0.001,0.08,29%,10.97,--,0.83,23.89,34.89,4.31,2.47,57%,0.281,0.365,0.523,0.242,0.38,0.34,0.323,0.341,3.78,1.12,0.48,0.03,0.03,1.06,0.6,0.22,0.04,0.21,1.98,4061122.0,
8,4614574.0,Zach Neto,R,LAA,TEX,5000,SS,1,false,false,true,-,-,Patrick Corbin,Jonah Heim (N),Nate Tomlinson (N),LAA,-,-,true,true,2%,false,49%,10.83,2.17,0.65,0.84,0.23,0.05,0.03,0.001,0.08,33%,10.92,Main,1.06,23.31,11.82,4.59,2.83,62%,0.29,0.347,0.535,0.245,0.377,0.329,0.351,0.321,4.18,0.96,0.3,0.01,0.08,1.21,0.69,0.26,0.02,0.24,2.24,4614574.0,
9,16176.0,Corey Seager,L,TEX,LAA,4500,SS,2,false,false,true,-,-,Jack Kochanowicz,Logan O'Hoppe (-),Nate Tomlinson (N),LAA,-,-,true,false,2%,false,66%,10.71,2.38,0.78,0.87,0.01,0.01,0.0,0.001,0.1,44%,10.82,Main,1.2,21.95,14.63,4.59,2.89,63%,0.297,0.386,0.586,0.289,0.408,0.379,0.371,0.389,4.0,0.64,0.54,0.09,0.05,1.19,0.65,0.22,0.01,0.3,2.34,16176.0,
10,15953.0,Francisco Lindor,B,NYM,BAL,5400,SS,2,false,false,true,-,2,Tomoyuki Sugano,Alex Jackson (N),-,BAL,-,-,true,false,0%,false,58%,10.58,1.96,0.75,0.82,0.12,0.05,0.01,0.001,0.09,40%,10.58,--,1.08,22.61,23.89,4.69,2.79,59%,0.278,0.341,0.532,0.254,0.373,0.348,0.331,0.371,4.27,0.7,0.33,0.01,0.08,1.19,0.68,0.21,0.02,0.28,2.27,15953.0,
11,1023422.0,Austin Riley,R,ATL,ATH,4400,3B,3,false,false,true,-,-,JP Sears,Shea Langeliers (-),Chris Guccione (N),SAC01,-,-,true,false,1%,false,65%,10.48,2.38,0.88,0.81,0.02,0.01,0.0,0.001,0.06,44%,10.54,Main,1.04,22.31,22.22,4.59,2.56,56%,0.281,0.348,0.562,0.281,0.386,0.357,0.349,0.372,4.16,1.12,0.36,0.01,0.07,1.17,0.6,0.25,0.02,0.3,2.34,1023422.0,
12,445290.0,Kyle Tucker,L,CHC,MIN,6000,OF,2,true,true,true,-,-,Chris Paddack,Ryan Jeffers (-),Alan Porter (N),MIN,-,P,true,false,2%,false,49%,10.46,1.74,0.72,0.83,0.11,0.06,0.0,0.001,0.07,32%,10.57,--,1.18,22.12,26.94,4.62,2.68,58%,0.291,0.376,0.524,0.233,0.383,0.38,0.385,0.399,4.07,0.61,0.53,0.06,0.02,1.19,0.7,0.24,0.02,0.22,2.13,445290.0,
13,15953.0,Francisco Lindor,B,NYM,BAL,5400,SS,2,true,true,true,-,1,Charlie Morton,Jacob Stallings (N),Jansen Visconti (H),BAL,-,-,true,false,0%,false,58%,10.45,1.94,0.72,0.79,0.16,0.06,0.01,0.001,0.07,36%,10.45,--,0.98,22.79,51.57,4.73,2.78,59%,0.262,0.35,0.498,0.236,0.366,0.348,0.331,0.371,4.16,0.96,0.47,0.01,0.09,1.09,0.63,0.2,0.02,0.25,2.07,15953.0,
14,2039346.0,Corbin Carroll,L,ARI,SDP,5900,OF,1,false,false,true,-,-,Randy Vasquez,Elias Diaz (N),Ryan Blakney (EP),SDP,-,-,true,false,0%,false,51%,10.37,1.76,0.59,0.8,0.21,0.06,0.02,0.001,0.08,32%,10.37,Main,0.85,22.91,8.68,4.69,2.78,59%,0.261,0.347,0.498,0.237,0.363,0.358,0.365,0.324,4.11,0.88,0.49,0.02,0.07,1.07,0.58,0.24,0.04,0.22,2.05,2039346.0,
15,16368.0,Jose Ramirez,B,CLE,CHW,5700,3B,3,false,false,true,-,-,Jonathan Cannon,Edgar Quero (--),-,CHW,-,P,true,false,1%,false,57%,10.33,1.81,0.75,0.68,0.25,0.06,0.0,0.001,0.07,34%,10.37,Main,0.75,22.97,10.09,4.47,2.75,62%,0.267,0.333,0.502,0.235,0.355,0.353,0.347,0.337,4.06,0.42,0.37,0.05,0.03,1.09,0.62,0.2,0.04,0.23,2.04,16368.0,
16,894408.0,Pete Alonso,R,NYM,BAL,5100,1B,4,true,true,true,-,1,Charlie Morton,Jacob Stallings (N),Jansen Visconti (H),BAL,-,-,false,false,0%,false,57%,10.19,2.0,0.85,0.77,0.03,0.01,0.0,0.002,0.07,44%,10.19,--,0.99,21.6,57.3,4.55,2.6,57%,0.27,0.364,0.539,0.269,0.386,0.369,0.4,0.335,3.95,1.03,0.46,0.03,0.14,1.07,0.59,0.18,0.0,0.29,2.13,894408.0,
17,4738878.0,Matt McLain,R,CIN,MIA,3900,2B,2,true,false,true,-,-,Cal Quantrill,Agustin Ramirez (-),Jeremie Rehak (P),CIN,-,-,false,true,0%,false,73%,10.12,2.59,0.69,0.77,0.19,0.04,0.01,0.001,0.07,32%,10.12,--,0.91,22.19,30.98,4.39,2.55,58%,0.282,0.356,0.508,0.226,0.372,0.324,0.292,,3.92,0.93,0.39,0.0,0.07,1.11,0.66,0.21,0.02,0.21,1.99,4738878.0,
18,6415671.0,James Wood,L,WAS,STL,5800,OF,2,false,false,true,-,-,Miles Mikolas,Pedro Pages (+),Adrian Johnson (EH),STL,-,H,true,false,0%,false,54%,10.09,1.74,0.69,0.79,0.1,0.04,0.01,0.001,0.09,32%,10.09,Main,1.08,21.71,8.44,4.53,2.78,61%,0.298,0.364,0.527,0.229,0.38,0.366,0.376,0.354,4.09,1.03,0.4,0.04,0.02,1.22,0.73,0.24,0.03,0.21,2.16,6415671.0,
19,15806.0,Brandon Nimmo,L,NYM,BAL,4700,OF,1,false,false,true,-,2,Tomoyuki Sugano,Alex Jackson (N),-,BAL,-,-,true,false,0%,false,60%,10.05,2.14,0.62,0.83,0.05,0.03,0.01,0.001,0.1,37%,10.05,--,1.08,21.55,28.38,4.8,2.89,60%,0.279,0.352,0.515,0.236,0.372,0.344,0.34,0.338,4.3,0.8,0.42,0.02,0.07,1.2,0.71,0.21,0.03,0.25,2.21,15806.0,
20,5229311.0,Pete Crow-Armstrong,L,CHC,MIN,5500,OF,4,true,true,true,-,-,Chris Paddack,Ryan Jeffers (-),Alan Porter (N),MIN,-,-,true,false,0%,false,51%,9.98,1.81,0.75,0.66,0.23,0.05,0.05,0.001,0.07,30%,9.98,--,0.89,22.0,22.57,4.5,2.51,56%,0.276,0.317,0.485,0.209,0.344,0.325,0.342,0.321,4.18,0.99,0.24,0.02,0.04,1.15,0.71,0.21,0.04,0.19,2.03,5229311.0,
21,2038928.0,Jo Adell,R,LAA,TEX,4100,OF,5,false,false,true,-,-,Patrick Corbin,Jonah Heim (N),Nate Tomlinson (N),LAA,-,-,true,true,1%,false,62%,9.93,2.42,0.77,0.75,0.11,0.02,0.0,0.001,0.07,41%,9.99,Main,0.76,21.69,10.03,4.2,2.47,59%,0.279,0.343,0.556,0.277,0.382,0.331,0.381,0.323,3.82,0.94,0.33,0.02,0.05,1.07,0.56,0.22,0.02,0.27,2.12,2038928.0,
22,2039129.0,Julio Rodriguez,R,SEA,NYY,5300,OF,2,false,false,true,-,-,Marcus Stroman,Ben Rice (N),Nic Lentz (EH),NYY,-,-,false,false,3%,true,64%,9.89,1.87,0.64,0.71,0.2,0.05,0.01,0.001,0.12,27%,10.02,Main,1.15,21.76,8.7,4.63,2.82,61%,0.291,0.349,0.471,0.18,0.355,0.356,0.305,0.35,4.25,0.81,0.3,0.01,0.08,1.24,0.84,0.2,0.02,0.17,2.0,2039129.0,
23,17887.0,Matt Olson,L,ATL,ATH,5400,1B,2,false,false,true,-,-,JP Sears,Shea Langeliers (-),Chris Guccione (N),SAC01,-,-,false,false,0%,false,64%,9.86,1.83,0.73,0.82,0.0,0.0,0.0,0.001,0.07,41%,9.86,Main,0.99,20.93,13.22,4.68,2.65,57%,0.257,0.353,0.514,0.257,0.37,0.359,0.367,0.343,4.07,1.07,0.56,0.05,0.05,1.04,0.54,0.22,0.01,0.27,2.09,17887.0,
24,894407.0,Fernando Tatis Jr.,R,SDP,ARI,5300,OF,1,false,false,true,-,-,Eduardo Rodriguez,Jose Herrera (-),Ryan Blakney (EP),SDP,-,-,true,true,0%,true,63%,9.83,1.85,0.61,0.8,0.12,0.04,0.01,0.001,0.08,35%,9.83,Main,0.89,21.48,6.94,4.48,3.03,68%,0.271,0.354,0.512,0.241,0.371,0.377,0.35,0.384,3.96,0.98,0.48,0.02,0.03,1.07,0.6,0.22,0.02,0.23,2.03,894407.0,
25,3409991.0,Seiya Suzuki,R,CHC,MIN,5300,OF,3,true,true,true,-,-,Chris Paddack,Ryan Jeffers (-),Alan Porter (N),MIN,-,P,false,false,1%,false,60%,9.82,1.85,0.8,0.74,0.06,0.03,0.0,0.001,0.07,35%,9.86,--,0.97,21.38,24.81,4.58,2.58,56%,0.278,0.339,0.507,0.229,0.362,0.364,0.372,0.329,4.19,1.1,0.35,0.02,0.04,1.16,0.66,0.26,0.02,0.22,2.12,3409991.0,
26,15806.0,Brandon Nimmo,L,NYM,BAL,4700,OF,1,true,true,true,-,1,Charlie Morton,Jacob Stallings (N),Jansen Visconti (H),BAL,-,-,true,false,0%,false,60%,9.77,2.08,0.58,0.8,0.08,0.03,0.01,0.001,0.08,33%,9.77,--,1.1,21.32,40.22,4.83,2.87,59%,0.26,0.364,0.477,0.217,0.365,0.344,0.34,0.338,4.13,1.06,0.6,0.02,0.09,1.08,0.64,0.19,0.03,0.21,1.97,15806.0,
27,493497.0,Taylor Ward,R,LAA,TEX,4200,OF,4,false,false,true,-,-,Patrick Corbin,Jonah Heim (N),Nate Tomlinson (N),LAA,-,-,true,true,1%,false,61%,9.75,2.32,0.79,0.73,0.05,0.01,0.0,0.001,0.06,38%,9.81,Main,0.84,21.14,11.07,4.28,2.55,60%,0.289,0.368,0.547,0.258,0.391,0.345,0.328,0.344,3.8,0.86,0.44,0.01,0.04,1.1,0.61,0.24,0.02,0.24,2.08,493497.0,
28,5935387.0,Jackson Holliday,L,BAL,NYM,3700,2B,1,false,false,true,-,2,Justin Hagenman,Luis Torrens (N),-,BAL,-,H,true,true,0%,false,62%,9.71,2.62,0.56,0.76,0.08,0.05,0.02,0.001,0.08,36%,9.71,--,0.93,21.26,27.14,4.53,2.4,53%,0.288,0.35,0.533,0.245,0.376,0.321,0.32,0.287,4.11,1.04,0.37,0.03,0.03,1.19,0.69,0.22,0.04,0.23,2.19,5935387.0,
29,35646.0,Aaron Judge,R,NYY,SEA,6500,OF,2,false,false,true,-,-,Bryan Woo,Cal Raleigh (++),Nic Lentz (EH),NYY,-,P,false,true,0%,false,53%,9.64,1.48,0.69,0.77,0.03,0.02,0.0,0.001,0.06,51%,9.64,Main,0.56,20.5,9.53,4.27,2.83,66%,0.26,0.345,0.566,0.306,0.382,0.439,0.403,0.452,3.77,1.23,0.45,0.07,0.04,0.98,0.48,0.17,0.0,0.33,2.14,35646.0,
30,15782.0,Ketel Marte,B,ARI,SDP,6000,2B,2,false,false,true,-,-,Randy Vasquez,Elias Diaz (N),Ryan Blakney (EP),SDP,-,-,true,false,1%,false,59%,9.43,1.57,0.67,0.76,0.03,0.01,0.0,0.001,0.08,36%,9.49,Main,0.88,20.21,5.74,4.55,2.68,59%,0.27,0.362,0.496,0.226,0.369,0.375,0.385,0.366,3.97,0.66,0.53,0.03,0.04,1.07,0.63,0.21,0.01,0.22,1.97,15782.0,
31,4880931.0,Jordan Westburg,R,BAL,NYM,4100,3B,2,false,false,true,-,2,Justin Hagenman,Luis Torrens (N),-,BAL,-,-,false,true,8%,false,69%,9.31,2.27,0.64,0.71,0.06,0.03,0.01,0.001,0.07,38%,9.4,--,0.8,20.7,43.11,4.39,2.3,52%,0.284,0.334,0.528,0.244,0.368,0.339,0.343,0.388,4.07,1.01,0.26,0.01,0.05,1.16,0.66,0.23,0.03,0.23,2.15,4880931.0,
32,4920030.0,Colton Cowser,L,BAL,NYM,4300,OF,6,false,false,true,-,2,Justin Hagenman,Luis Torrens (N),-,BAL,-,-,true,true,3%,false,68%,9.3,2.16,0.67,0.69,0.04,0.03,0.01,0.001,0.06,46%,9.32,--,0.44,20.4,31.06,4.07,2.02,50%,0.275,0.357,0.574,0.299,0.393,0.333,0.293,0.338,3.6,1.1,0.41,0.03,0.05,0.99,0.49,0.2,0.02,0.28,2.07,4920030.0,
33,478243.0,Ryan O'Hearn,L,BAL,NYM,1,--,4,false,false,true,-,2,Justin Hagenman,Luis Torrens (N),-,BAL,-,-,true,true,11%,false,64%,9.19,9190.0,0.69,0.65,0.03,0.02,0.01,0.001,0.07,38%,9.21,--,0.71,20.39,26.89,4.23,2.16,51%,0.295,0.366,0.546,0.251,0.388,0.338,0.357,0.347,3.79,0.67,0.4,0.04,0.03,1.12,0.65,0.22,0.03,0.23,2.07,478243.0,
34,36762.0,Ian Happ,B,CHC,MIN,4400,OF,1,true,true,true,-,-,Chris Paddack,Ryan Jeffers (-),Alan Porter (N),MIN,-,-,true,false,0%,false,66%,9.17,2.08,0.56,0.78,0.04,0.03,0.0,0.001,0.08,29%,9.17,--,1.09,19.9,18.06,4.77,2.77,58%,0.269,0.35,0.456,0.187,0.35,0.334,0.339,0.347,4.24,0.93,0.5,0.01,0.03,1.14,0.72,0.23,0.01,0.18,1.93,36762.0,
35,16119.0,Jorge Soler,R,LAA,TEX,3000,OF,6,false,false,true,-,-,Patrick Corbin,Jonah Heim (N),Nate Tomlinson (N),LAA,-,-,true,true,0%,false,69%,9.17,3.06,0.72,0.73,0.01,0.0,0.0,0.001,0.06,44%,9.17,Main,0.63,20.03,12.65,4.13,2.38,58%,0.269,0.357,0.548,0.279,0.386,0.336,0.285,0.331,3.63,0.94,0.46,0.01,0.04,0.98,0.5,0.21,0.0,0.27,1.99,16119.0,
36,1252110.0,Sean Murphy,R,ATL,ATH,3900,C,4,false,false,true,-,-,JP Sears,Shea Langeliers (-),Chris Guccione (N),SAC01,-,-,true,false,1%,false,60%,9.12,2.34,0.77,0.71,0.0,0.0,0.0,0.001,0.06,44%,9.18,Main,0.58,19.92,15.8,4.49,2.49,55%,0.243,0.331,0.49,0.247,0.354,0.327,0.319,0.28,3.96,1.18,0.4,0.01,0.12,0.96,0.5,0.21,0.0,0.26,1.94,1252110.0,
37,1221473.0,Randy Arozarena,R,SEA,NYY,5100,OF,4,false,false,true,-,-,Marcus Stroman,Ben Rice (N),Nic Lentz (EH),NYY,-,-,false,false,1%,false,57%,9.1,1.78,0.65,0.6,0.17,0.06,0.0,0.001,0.1,28%,9.14,Main,0.66,20.7,8.44,4.49,2.64,59%,0.256,0.351,0.434,0.178,0.346,0.347,0.337,0.311,3.91,0.92,0.45,0.0,0.13,1.0,0.64,0.19,0.01,0.16,1.7,1221473.0,
38,2039957.0,CJ Abrams,L,WAS,STL,5600,SS,1,false,false,true,-,-,Miles Mikolas,Pedro Pages (+),Adrian Johnson (EH),STL,-,-,true,false,2%,false,52%,9.02,1.61,0.51,0.68,0.17,0.07,0.02,0.001,0.09,24%,9.12,Main,0.87,20.57,7.21,4.59,2.88,63%,0.269,0.318,0.448,0.179,0.331,0.322,0.339,0.321,4.26,0.68,0.24,0.01,0.08,1.15,0.72,0.24,0.04,0.15,1.91,2039957.0,
39,5506033.0,Agustin Ramirez,R,MIA,CIN,3700,C,2,false,true,true,-,-,Nick Lodolo,Jose Trevino (+),Jeremie Rehak (P),CIN,-,-,true,false,1%,false,62%,9.02,2.44,0.66,0.72,0.05,0.03,0.01,0.001,0.1,38%,9.08,--,0.77,19.79,46.26,4.5,3.0,67%,0.265,0.32,0.482,0.217,0.344,0.319,0.335,,4.15,0.96,0.3,0.01,0.05,1.1,0.64,0.23,0.0,0.22,2.0,5506033.0,
40,1558724.0,Luis Robert Jr.,R,CHW,CLE,3500,OF,5,false,false,true,-,-,Logan Allen,Bo Naylor (+),-,CHW,-,-,true,true,0%,false,66%,8.93,2.55,0.61,0.6,0.19,0.05,0.0,0.001,0.06,35%,8.93,Main,0.38,20.39,9.83,4.09,2.61,64%,0.259,0.331,0.486,0.227,0.351,0.316,0.291,0.287,3.68,1.0,0.36,0.02,0.04,0.95,0.53,0.2,0.01,0.2,1.79,1558724.0,
41,14629.0,Marcell Ozuna,R,ATL,ATH,4000,OF,6,false,false,true,-,-,JP Sears,Shea Langeliers (-),Chris Guccione (N),SAC01,-,-,true,false,0%,true,70%,8.91,2.23,0.68,0.68,0.0,0.0,0.0,0.001,0.06,42%,8.91,Main,0.61,19.35,8.14,4.32,2.33,54%,0.264,0.351,0.512,0.248,0.371,0.348,0.351,0.375,3.8,0.99,0.49,0.01,0.03,1.0,0.55,0.21,0.0,0.24,1.95,14629.0,
42,37558.0,Austin Hays,R,CIN,MIA,4900,OF,4,true,false,true,-,-,Cal Quantrill,Agustin Ramirez (-),Jeremie Rehak (P),CIN,-,-,false,true,0%,false,55%,8.91,1.82,0.76,0.67,0.05,0.02,0.01,0.001,0.08,37%,8.91,--,0.8,19.64,25.47,4.2,2.4,57%,0.278,0.328,0.502,0.224,0.356,0.309,0.316,0.294,3.9,0.81,0.23,0.0,0.06,1.08,0.65,0.21,0.01,0.21,1.96,37558.0,
43,2039178.0,Josh Lowe,L,TBR,BOS,4900,OF,4,false,false,true,-,-,Walker Buehler,Carlos Narvaez (N),-,BOS,-,-,true,false,0%,false,62%,8.86,1.81,0.6,0.54,0.25,0.06,0.01,0.001,0.08,18%,8.88,Main,0.57,20.58,7.55,4.38,2.73,62%,0.264,0.335,0.419,0.155,0.33,0.315,0.323,0.307,3.94,1.0,0.4,0.01,0.03,1.04,0.67,0.25,0.03,0.11,1.65,2039178.0,
44,38020.0,Tyler O'Neill,R,BAL,NYM,3100,OF,4,true,true,true,-,1,David Peterson,Luis Torrens (N),Jansen Visconti (H),BAL,-,-,true,true,0%,false,68%,8.84,2.85,0.69,0.65,0.03,0.02,0.0,0.001,0.07,37%,8.84,--,0.62,19.47,17.2,4.25,2.87,68%,0.266,0.37,0.495,0.229,0.372,0.341,0.315,0.332,3.64,1.08,0.54,0.04,0.06,0.97,0.57,0.18,0.01,0.21,1.8,38020.0,
45,481940.0,Brandon Lowe,L,TBR,BOS,1,--,2,false,false,false,-,-,Walker Buehler,Carlos Narvaez (N),-,BOS,-,-,true,false,5%,false,59%,8.82,8820.0,0.63,0.71,0.06,0.02,0.0,0.001,0.08,29%,8.99,Main,0.73,19.76,0.01,4.48,2.91,65%,0.256,0.343,0.451,0.195,0.345,0.334,0.324,0.342,3.95,0.96,0.46,0.01,0.06,1.01,0.59,0.24,0.01,0.17,1.78,481940.0,
46,1452624.0,Jazz Chisholm Jr.,L,NYY,SEA,5500,2B/3B,5,false,false,true,-,-,Bryan Woo,Cal Raleigh (++),Nic Lentz (EH),NYY,-,-,true,true,0%,false,58%,8.82,1.6,0.6,0.61,0.14,0.05,0.01,0.001,0.06,45%,8.82,Main,0.28,20.26,8.46,3.99,2.58,65%,0.25,0.323,0.518,0.268,0.358,0.343,0.363,0.315,3.59,1.01,0.36,0.02,0.03,0.9,0.47,0.15,0.02,0.26,1.86,1452624.0,
47,2038978.0,Brent Rooker,R,ATH,ATL,5200,OF,3,false,false,true,-,-,Spencer Strider,Sean Murphy (N),Chris Guccione (N),SAC01,-,P,false,true,0%,false,62%,8.79,1.69,0.68,0.64,0.04,0.01,0.0,0.001,0.05,45%,8.79,Main,0.31,19.73,2.93,4.23,2.77,65%,0.245,0.322,0.51,0.265,0.355,0.369,0.358,0.364,3.79,1.35,0.37,0.02,0.06,0.93,0.46,0.2,0.01,0.26,1.93,2038978.0,
48,13534.0,Manny Machado,R,SDP,ARI,4900,3B,3,false,false,true,-,-,Eduardo Rodriguez,Jose Herrera (-),Ryan Blakney (EP),SDP,-,-,true,true,0%,false,57%,8.77,1.79,0.74,0.67,0.03,0.02,0.0,0.001,0.07,39%,8.77,Main,0.7,19.34,4.97,4.26,2.81,66%,0.264,0.331,0.488,0.224,0.351,0.348,0.359,0.337,3.86,0.8,0.39,0.03,0.01,1.02,0.61,0.18,0.0,0.23,1.88,13534.0,
49,4880931.0,Jordan Westburg,R,BAL,NYM,4100,3B,2,true,true,true,-,1,David Peterson,Luis Torrens (N),Jansen Visconti (H),BAL,-,-,true,true,1%,false,69%,8.75,2.13,0.58,0.66,0.04,0.03,0.01,0.001,0.09,28%,8.81,--,0.86,19.77,27.92,4.43,3.05,69%,0.29,0.356,0.486,0.196,0.363,0.339,0.343,0.388,4.0,0.93,0.36,0.01,0.06,1.16,0.73,0.24,0.03,0.16,1.94,4880931.0,
50,38020.0,Tyler O'Neill,R,BAL,NYM,3100,OF,7,false,false,true,-,2,Justin Hagenman,Luis Torrens (N),-,BAL,-,-,false,true,0%,false,68%,8.69,2.8,0.65,0.65,0.04,0.02,0.0,0.001,0.05,47%,8.69,--,0.36,19.56,29.66,4.03,1.93,48%,0.258,0.341,0.531,0.273,0.369,0.341,0.315,0.332,3.57,1.16,0.4,0.05,0.06,0.92,0.48,0.16,0.01,0.27,1.89,38020.0,
51,490053.0,Cedric Mullins,L,BAL,NYM,1,--,8,false,false,true,-,2,Justin Hagenman,Luis Torrens (N),-,BAL,-,P,true,true,0%,false,65%,8.69,8690.0,0.6,0.62,0.14,0.06,0.02,0.001,0.05,42%,8.71,--,0.23,19.96,28.02,3.93,1.84,47%,0.245,0.319,0.516,0.271,0.356,0.315,0.312,0.296,3.53,0.8,0.35,0.02,0.04,0.86,0.43,0.17,0.03,0.24,1.82,490053.0,
52,2039703.0,Michael Busch,L,CHC,MIN,5000,1B,5,true,true,true,-,-,Chris Paddack,Ryan Jeffers (-),Alan Porter (N),MIN,-,-,true,false,7%,false,53%,8.67,1.73,0.67,0.66,0.02,0.01,0.0,0.001,0.07,35%,8.98,--,0.66,19.46,26.38,4.26,2.43,57%,0.276,0.347,0.493,0.217,0.361,0.344,0.377,0.314,3.83,0.96,0.38,0.02,0.04,1.06,0.63,0.21,0.02,0.2,1.89,2039703.0,
53,37993.0,Willi Castro,B,MIN,CHC,4000,2B/OF,1,true,true,true,-,-,Colin Rea,Carson Kelly (N),Alan Porter (N),MIN,-,-,true,true,2%,false,59%,8.67,2.17,0.45,0.65,0.14,0.04,0.02,0.001,0.07,24%,8.76,--,0.86,20.06,27.25,4.47,2.89,65%,0.276,0.348,0.446,0.17,0.347,0.314,0.335,0.35,4.0,0.9,0.36,0.01,0.09,1.11,0.74,0.2,0.03,0.14,1.78,37993.0,
54,4061602.0,Lawrence Butler,L,ATH,ATL,4700,OF,1,false,false,true,-,-,Spencer Strider,Sean Murphy (N),Chris Guccione (N),SAC01,-,-,true,true,0%,false,55%,8.61,1.83,0.49,0.65,0.11,0.04,0.0,0.001,0.06,37%,8.61,Main,0.38,19.62,3.46,4.45,2.99,67%,0.238,0.311,0.463,0.225,0.333,0.323,0.295,0.337,4.02,1.33,0.42,0.01,0.01,0.96,0.49,0.24,0.02,0.21,1.86,4061602.0,
55,5936410.0,Wyatt Langford,R,TEX,LAA,4000,OF,6,false,false,true,-,-,Jack Kochanowicz,Logan O'Hoppe (-),Nate Tomlinson (N),LAA,-,-,false,false,1%,false,61%,8.6,2.15,0.56,0.58,0.11,0.04,0.0,0.001,0.09,34%,8.64,Main,0.57,19.81,9.28,4.24,2.54,60%,0.273,0.342,0.481,0.208,0.355,0.352,0.325,0.356,3.83,0.84,0.36,0.01,0.05,1.04,0.64,0.19,0.02,0.19,1.84,5936410.0,
56,2044739.0,Jarren Duran,L,BOS,TBR,4500,OF,1,false,false,true,-,-,Taj Bradley,Matt Thaiss (-),-,BOS,-,-,true,true,0%,false,59%,8.59,1.91,0.46,0.65,0.12,0.04,0.01,0.001,0.09,24%,8.59,Main,0.65,19.98,9.57,4.46,3.01,67%,0.267,0.338,0.455,0.188,0.343,0.337,0.322,0.354,4.01,1.0,0.39,0.02,0.05,1.07,0.63,0.27,0.04,0.14,1.83,2044739.0,
57,2038977.0,Trevor Larnach,L,MIN,CHC,3600,OF,2,true,true,true,-,-,Colin Rea,Carson Kelly (N),Alan Porter (N),MIN,-,-,true,true,8%,false,58%,8.57,2.38,0.58,0.67,0.04,0.01,0.0,0.001,0.07,33%,8.81,--,0.72,19.21,18.77,4.28,2.78,65%,0.278,0.352,0.487,0.209,0.362,0.325,0.309,0.359,3.84,0.88,0.41,0.02,0.03,1.07,0.65,0.22,0.01,0.19,1.87,2038977.0,
58,484316.0,Adolis Garcia,R,TEX,LAA,3800,OF,4,false,false,true,-,-,Jack Kochanowicz,Logan O'Hoppe (-),Nate Tomlinson (N),LAA,-,-,false,false,0%,true,66%,8.56,2.25,0.66,0.6,0.07,0.03,0.0,0.001,0.09,36%,8.56,Main,0.62,19.42,8.76,4.46,2.71,61%,0.255,0.314,0.452,0.197,0.331,0.326,0.312,0.303,4.1,1.0,0.3,0.01,0.06,1.04,0.65,0.19,0.01,0.2,1.85,484316.0,
59,1203809.0,Trent Grisham,L,NYY,SEA,1,--,1,false,false,false,-,-,Bryan Woo,Cal Raleigh (++),Nic Lentz (EH),NYY,-,-,true,true,0%,false,67%,8.56,8560.0,0.53,0.7,0.04,0.02,0.03,0.001,0.06,47%,8.56,Main,0.41,19.34,0.01,4.39,2.95,67%,0.226,0.317,0.485,0.259,0.346,0.335,0.334,0.292,3.83,1.1,0.49,0.01,0.04,0.87,0.42,0.17,0.01,0.27,1.86,1203809.0,
60,3202366.0,Jonathan Aranda,L,TBR,BOS,4500,1B,2,false,false,true,-,-,Walker Buehler,Carlos Narvaez (N),-,BOS,-,-,true,false,4%,false,51%,8.42,1.87,0.59,0.7,0.01,0.0,0.0,0.001,0.09,25%,8.56,Main,0.89,18.93,8.78,4.49,2.91,65%,0.271,0.36,0.444,0.173,0.352,0.339,0.363,0.366,3.93,0.91,0.47,0.01,0.08,1.07,0.68,0.24,0.01,0.14,1.75,3202366.0,
61,17802.0,Yandy Diaz,R,TBR,BOS,4800,1B,1,false,false,true,-,-,Walker Buehler,Carlos Narvaez (N),-,BOS,-,P,false,false,1%,false,62%,8.41,1.75,0.55,0.73,0.03,0.01,0.01,0.001,0.13,26%,8.45,Main,1.16,18.64,8.21,4.68,3.02,65%,0.271,0.341,0.416,0.145,0.332,0.362,0.348,0.321,4.21,0.68,0.41,0.01,0.05,1.14,0.83,0.16,0.0,0.15,1.75,17802.0,
62,5280738.0,Junior Caminero,R,TBR,BOS,5100,3B,3,false,false,true,-,-,Walker Buehler,Carlos Narvaez (N),-,BOS,-,-,false,false,3%,false,60%,8.37,1.64,0.75,0.62,0.06,0.02,0.01,0.001,0.11,32%,8.49,Main,0.82,18.87,8.96,4.44,2.81,63%,0.254,0.305,0.422,0.168,0.316,0.332,0.312,0.288,4.13,0.81,0.27,0.01,0.04,1.05,0.7,0.17,0.0,0.17,1.74,5280738.0,
63,15633.0,Marcus Semien,R,TEX,LAA,4300,2B,3,false,false,true,-,-,Jack Kochanowicz,Logan O'Hoppe (-),Nate Tomlinson (N),LAA,-,H,false,false,0%,false,65%,8.37,1.95,0.6,0.57,0.06,0.03,0.0,0.001,0.09,28%,8.37,Main,0.73,19.06,10.15,4.56,2.78,61%,0.266,0.333,0.436,0.17,0.335,0.327,0.335,0.337,4.14,0.65,0.38,0.0,0.04,1.1,0.73,0.2,0.02,0.15,1.81,15633.0,
64,2040123.0,Luis Garcia Jr.,L,WAS,STL,1,--,3,false,false,true,-,-,Miles Mikolas,Pedro Pages (+),Adrian Johnson (EH),STL,-,H,true,false,7%,false,58%,8.36,8360.0,0.64,0.57,0.08,0.04,0.01,0.001,0.11,26%,8.6,Main,0.87,19.1,0.01,4.32,2.68,62%,0.292,0.322,0.463,0.171,0.338,0.325,0.332,0.326,4.12,0.54,0.17,0.01,0.01,1.2,0.8,0.25,0.02,0.14,1.91,2040123.0,
65,3818967.0,Matt Wallner,L,MIN,CHC,3300,OF,5,true,true,true,-,-,Colin Rea,Carson Kelly (N),Alan Porter (N),MIN,-,P,true,true,12%,false,63%,8.33,2.52,0.64,0.64,0.03,0.01,0.0,0.001,0.05,44%,8.71,--,0.26,19.03,16.36,3.92,2.53,65%,0.249,0.337,0.52,0.271,0.366,0.335,0.328,0.353,3.46,1.12,0.38,0.02,0.08,0.86,0.42,0.19,0.01,0.24,1.8,3818967.0,
66,15566.0,Eugenio Suarez,R,ARI,SDP,5200,3B,5,false,false,true,-,-,Randy Vasquez,Elias Diaz (N),Ryan Blakney (EP),SDP,-,P,false,false,1%,false,58%,8.32,1.6,0.7,0.65,0.01,0.01,0.0,0.001,0.05,44%,8.36,Main,0.38,18.66,7.83,4.31,2.44,57%,0.231,0.304,0.464,0.233,0.331,0.332,0.312,0.329,3.9,1.16,0.32,0.01,0.09,0.9,0.48,0.18,0.0,0.24,1.81,15566.0,
67,37435.0,Ozzie Albies,B,ATL,ATH,3800,2B,7,false,false,true,-,-,JP Sears,Shea Langeliers (-),Chris Guccione (N),SAC01,-,P,true,false,0%,true,70%,8.27,2.18,0.6,0.57,0.06,0.04,0.0,0.001,0.07,33%,8.27,Main,0.5,19.06,9.41,4.23,2.22,52%,0.27,0.325,0.478,0.208,0.346,0.315,0.286,0.298,3.9,0.58,0.28,0.01,0.05,1.05,0.61,0.26,0.01,0.18,1.87,37435.0,
68,3673009.0,Miguel Vargas,R,CHW,CLE,3400,1B,3,false,false,true,-,-,Logan Allen,Bo Naylor (+),-,CHW,-,P,true,true,1%,true,68%,8.25,2.43,0.65,0.61,0.04,0.02,0.0,0.001,0.05,36%,8.31,Main,0.3,18.87,8.89,4.26,2.77,65%,0.241,0.322,0.462,0.221,0.339,0.33,0.319,0.267,3.8,0.73,0.42,0.0,0.04,0.91,0.48,0.23,0.01,0.2,1.75,3673009.0,
69,2061282.0,Logan O'Hoppe,R,LAA,TEX,3500,C,8,false,false,true,-,-,Patrick Corbin,Jonah Heim (N),Nate Tomlinson (N),LAA,-,-,true,true,7%,false,68%,8.25,2.36,0.65,0.65,0.02,0.01,0.01,0.001,0.06,43%,8.53,Main,0.47,18.65,10.95,3.8,2.17,57%,0.276,0.335,0.532,0.256,0.37,0.321,0.309,0.324,3.48,0.96,0.28,0.01,0.03,0.96,0.54,0.18,0.01,0.23,1.85,2061282.0,
70,35650.0,Dansby Swanson,R,CHC,MIN,4200,SS,6,true,true,true,-,-,Chris Paddack,Ryan Jeffers (-),Alan Porter (N),MIN,-,-,false,false,0%,false,65%,8.25,1.96,0.59,0.59,0.07,0.03,0.01,0.001,0.08,30%,8.25,--,0.66,18.84,22.73,4.31,2.36,55%,0.273,0.321,0.46,0.187,0.338,0.332,0.312,0.316,4.01,1.0,0.27,0.0,0.02,1.09,0.68,0.24,0.01,0.16,1.84,35650.0,
71,814186.0,Dylan Moore,R,SEA,NYY,1,--,7,false,false,false,-,-,Marcus Stroman,Ben Rice (N),Nic Lentz (EH),NYY,-,H,false,false,10%,false,60%,8.24,8240.0,0.54,0.52,0.24,0.08,0.01,0.001,0.06,30%,8.6,Main,0.27,19.58,0.01,4.02,2.36,59%,0.239,0.323,0.423,0.184,0.327,0.312,0.277,0.322,3.57,0.99,0.35,0.0,0.1,0.85,0.53,0.15,0.02,0.16,1.51,814186.0,
72,2441503.0,Christopher Morel,R,TBR,BOS,1,--,5,false,false,false,-,-,Walker Buehler,Carlos Narvaez (N),-,BOS,-,-,false,false,6%,false,69%,8.17,8170.0,0.65,0.6,0.13,0.03,0.01,0.001,0.08,33%,8.36,Main,0.36,19.1,0.01,4.2,2.65,63%,0.231,0.307,0.417,0.186,0.316,0.331,0.292,0.305,3.77,1.11,0.37,0.0,0.05,0.87,0.52,0.16,0.01,0.17,1.57,2441503.0,
73,35356.0,Andrew Benintendi,L,CHW,CLE,1,--,3,false,false,false,-,-,Logan Allen,Bo Naylor (+),-,CHW,-,-,false,true,0%,false,62%,8.14,8140.0,0.66,0.6,0.03,0.01,0.01,0.001,0.07,37%,8.14,Main,0.6,18.75,0.01,4.29,2.77,65%,0.255,0.32,0.452,0.197,0.334,0.318,0.334,0.301,3.9,0.66,0.35,0.01,0.02,1.0,0.64,0.14,0.02,0.2,1.77,35356.0,
74,3538183.0,Josh Smith,L,TEX,LAA,4200,1B/3B,1,false,false,true,-,-,Jack Kochanowicz,Logan O'Hoppe (-),Nate Tomlinson (N),LAA,-,-,true,false,8%,false,51%,8.14,1.94,0.44,0.64,0.06,0.03,0.02,0.001,0.1,25%,8.39,Main,0.75,18.91,9.89,4.61,2.99,65%,0.259,0.34,0.422,0.163,0.334,0.319,0.315,0.3,4.08,0.66,0.41,0.02,0.1,1.05,0.69,0.2,0.03,0.14,1.72,3538183.0,
75,5175546.0,Jasson Dominguez,B,NYY,SEA,3900,OF,1,false,false,true,-,-,Bryan Woo,Cal Raleigh (++),Nic Lentz (EH),NYY,-,-,true,true,9%,false,56%,8.08,2.07,0.44,0.6,0.12,0.04,0.0,0.001,0.07,35%,8.33,Main,0.46,19.06,8.61,4.26,2.95,69%,0.247,0.316,0.45,0.203,0.331,0.326,0.305,0.319,3.86,1.05,0.37,0.01,0.02,0.95,0.57,0.18,0.02,0.19,1.74,5175546.0,
76,2179708.0,Mark Vientos,R,NYM,BAL,1,--,6,false,false,false,-,2,Tomoyuki Sugano,Alex Jackson (N),-,BAL,-,-,false,false,3%,false,70%,8.08,8080.0,0.61,0.6,0.01,0.01,0.0,0.001,0.08,42%,8.18,--,0.6,18.36,0.01,4.25,2.45,58%,0.265,0.316,0.477,0.212,0.341,0.311,0.267,0.311,3.95,0.97,0.26,0.01,0.04,1.04,0.64,0.18,0.0,0.22,1.88,2179708.0,
77,37557.0,J.P. Crawford,L,SEA,NYY,3600,SS,1,false,false,true,-,-,Marcus Stroman,Ben Rice (N),Nic Lentz (EH),NYY,-,-,true,false,0%,false,50%,8.08,2.24,0.41,0.66,0.04,0.02,0.02,0.001,0.11,17%,8.08,Main,1.25,18.07,9.57,4.8,2.92,61%,0.261,0.37,0.385,0.124,0.339,0.324,0.342,0.316,4.06,0.64,0.67,0.01,0.05,1.06,0.76,0.19,0.01,0.09,1.56,37557.0,
78,4061015.0,Wilyer Abreu,L,BOS,TBR,4900,OF,4,false,false,true,-,-,Taj Bradley,Matt Thaiss (-),-,BOS,-,H,true,true,10%,false,57%,8.06,1.64,0.64,0.58,0.04,0.02,0.0,0.001,0.05,37%,8.35,Main,0.26,18.44,8.27,3.99,2.72,68%,0.25,0.338,0.478,0.228,0.351,0.338,0.327,0.318,3.52,0.99,0.44,0.02,0.03,0.88,0.48,0.19,0.02,0.19,1.68,4061015.0,
79,2109971.0,TJ Friedl,L,CIN,MIA,4100,OF,1,true,false,true,-,-,Cal Quantrill,Agustin Ramirez (-),Jeremie Rehak (P),CIN,-,-,true,true,0%,false,59%,8.06,1.97,0.42,0.62,0.15,0.04,0.05,0.001,0.08,18%,8.06,--,0.73,18.95,23.9,4.5,2.66,59%,0.247,0.339,0.384,0.137,0.324,0.296,0.307,0.293,3.88,0.67,0.49,0.01,0.08,0.96,0.66,0.17,0.03,0.1,1.49,2109971.0,
80,15820.0,Jorge Polanco,B,SEA,NYY,3600,2B,5,false,false,true,-,-,Marcus Stroman,Ben Rice (N),Nic Lentz (EH),NYY,-,H,true,false,19%,false,66%,8.06,2.24,0.6,0.59,0.04,0.02,0.0,0.001,0.07,35%,8.78,Main,0.52,18.32,11.04,4.05,2.56,63%,0.269,0.356,0.47,0.201,0.359,0.322,0.336,0.321,3.56,0.63,0.45,0.01,0.04,0.96,0.61,0.16,0.01,0.18,1.67,15820.0,
81,3203023.0,Brendan Donovan,L,STL,WAS,4400,2B/OF,1,false,false,true,-,-,Mike Soroka,Riley Adams (--),Adrian Johnson (EH),STL,-,-,true,true,1%,false,57%,8.03,1.83,0.44,0.65,0.04,0.02,0.01,0.001,0.1,19%,8.09,Main,1.03,18.4,8.69,4.46,2.84,64%,0.284,0.371,0.426,0.142,0.35,0.338,0.365,0.352,3.9,0.54,0.45,0.02,0.09,1.11,0.79,0.2,0.02,0.1,1.66,3203023.0,
82,3790055.0,Alec Burleson,L,STL,WAS,4000,OF,3,false,false,true,-,-,Mike Soroka,Riley Adams (--),Adrian Johnson (EH),STL,-,-,true,true,7%,false,57%,8.03,2.01,0.65,0.58,0.04,0.02,0.01,0.001,0.1,30%,8.25,Main,0.69,18.29,7.99,4.17,2.64,63%,0.275,0.337,0.451,0.176,0.342,0.332,0.315,0.323,3.8,0.51,0.33,0.01,0.03,1.05,0.7,0.18,0.01,0.16,1.71,3790055.0,
83,35706.0,Yoan Moncada,B,LAA,TEX,3500,3B,7,false,false,true,-,-,Patrick Corbin,Jonah Heim (N),Nate Tomlinson (N),LAA,-,-,true,true,0%,false,55%,8.03,2.29,0.58,0.59,0.02,0.01,0.01,0.001,0.07,34%,8.03,Main,0.51,18.22,9.82,4.05,2.28,56%,0.276,0.355,0.488,0.212,0.363,0.327,0.347,0.323,3.59,0.9,0.42,0.02,0.03,0.99,0.6,0.2,0.01,0.18,1.75,35706.0,
84,13551.0,Jurickson Profar,B,ATL,ATH,3600,OF,5,false,false,true,-,-,JP Sears,Shea Langeliers (-),Chris Guccione (N),SAC01,-,-,true,false,6%,false,82%,7.99,2.22,0.56,0.58,0.03,0.02,0.03,0.001,0.08,31%,8.23,Main,0.55,18.24,6.17,4.29,2.41,56%,0.265,0.346,0.452,0.187,0.349,0.322,0.206,0.352,3.77,0.59,0.43,0.01,0.06,1.0,0.63,0.2,0.01,0.16,1.7,13551.0,
85,2039396.0,Shea Langeliers,R,ATH,ATL,4200,C,5,false,false,true,-,-,Spencer Strider,Sean Murphy (N),Chris Guccione (N),SAC01,-,-,false,true,0%,false,62%,7.99,1.9,0.6,0.58,0.05,0.01,0.0,0.001,0.05,45%,7.99,Main,0.2,18.56,4.85,4.04,2.61,65%,0.239,0.298,0.489,0.25,0.336,0.334,0.336,0.31,3.72,1.19,0.29,0.01,0.03,0.89,0.45,0.19,0.01,0.24,1.82,2039396.0,
86,3769530.0,Spencer Steer,R,CIN,MIA,3800,1B,6,true,false,true,-,-,Cal Quantrill,Agustin Ramirez (-),Jeremie Rehak (P),CIN,-,-,false,true,0%,false,65%,7.97,2.1,0.54,0.55,0.12,0.03,0.0,0.001,0.07,28%,7.97,--,0.45,18.9,24.09,4.03,2.24,56%,0.266,0.34,0.45,0.184,0.344,0.307,0.288,0.316,3.62,0.68,0.35,0.0,0.06,0.96,0.6,0.2,0.01,0.15,1.63,3769530.0,
87,2040066.0,Nolan Gorman,L,STL,WAS,3600,3B,5,false,false,true,-,-,Mike Soroka,Riley Adams (--),Adrian Johnson (EH),STL,-,H,true,true,5%,false,63%,7.96,2.21,0.63,0.61,0.04,0.01,0.0,0.002,0.05,38%,8.12,Main,0.39,18.48,8.96,4.02,2.48,62%,0.24,0.335,0.458,0.218,0.341,0.314,0.317,0.301,3.51,1.14,0.47,0.05,0.04,0.84,0.49,0.15,0.01,0.2,1.61,2040066.0,
88,2042452.0,Michael Harris II,L,ATL,ATH,1,--,8,false,false,false,-,-,JP Sears,Shea Langeliers (-),Chris Guccione (N),SAC01,-,H,false,false,0%,true,71%,7.94,7940.0,0.5,0.52,0.14,0.06,0.02,0.001,0.09,26%,7.96,Main,0.47,18.91,0.01,4.13,2.12,51%,0.268,0.315,0.45,0.182,0.33,0.319,0.295,0.358,3.84,0.85,0.22,0.02,0.05,1.03,0.63,0.24,0.03,0.14,1.73,2042452.0,
89,38057.0,Ramon Laureano,R,BAL,NYM,3800,OF,3,true,true,true,-,1,David Peterson,Luis Torrens (N),Jansen Visconti (H),BAL,-,-,true,true,9%,false,60%,7.94,2.09,0.59,0.55,0.05,0.04,0.01,0.001,0.08,28%,8.18,--,0.57,18.72,17.57,4.23,2.95,70%,0.27,0.345,0.446,0.176,0.345,0.318,0.328,0.315,3.78,1.0,0.35,0.01,0.09,1.02,0.66,0.21,0.02,0.14,1.69,38057.0,
90,7968759.0,Drake Baldwin,L,ATL,ATH,1,--,4,false,false,false,-,-,JP Sears,Shea Langeliers (-),Chris Guccione (N),SAC01,-,H,false,false,1%,false,50%,7.93,7930.0,0.62,0.56,0.01,0.0,0.01,0.001,0.09,31%,7.98,Main,0.6,18.29,0.01,4.49,2.49,55%,0.257,0.323,0.43,0.173,0.328,0.317,0.358,,4.07,0.9,0.35,0.01,0.05,1.05,0.67,0.21,0.01,0.16,1.75,7968759.0,
91,2039124.0,Noelvi Marte,R,CIN,MIA,3700,3B,9,true,false,true,-,-,Cal Quantrill,Agustin Ramirez (-),Jeremie Rehak (P),CIN,-,-,false,true,0%,false,52%,7.91,2.14,0.53,0.57,0.15,0.03,0.01,0.001,0.08,30%,7.93,--,0.52,18.54,28.16,3.75,1.94,52%,0.281,0.332,0.474,0.193,0.348,0.308,0.295,0.253,3.47,0.65,0.23,0.01,0.04,0.98,0.62,0.19,0.01,0.15,1.65,2039124.0,
92,1044326.0,Josh Naylor,L,ARI,SDP,4600,1B,4,false,false,true,-,-,Randy Vasquez,Elias Diaz (N),Ryan Blakney (EP),SDP,-,-,true,false,5%,false,57%,7.89,1.72,0.61,0.55,0.05,0.03,0.0,0.001,0.09,30%,8.08,Main,0.57,18.2,4.41,4.31,2.52,58%,0.262,0.33,0.432,0.17,0.33,0.329,0.333,0.314,3.9,0.51,0.36,0.04,0.04,1.02,0.66,0.2,0.0,0.15,1.69,1044326.0,
93,2038972.0,Ryan Jeffers,R,MIN,CHC,3400,C,4,true,true,true,-,-,Colin Rea,Carson Kelly (N),Alan Porter (N),MIN,-,-,false,true,0%,false,60%,7.86,2.31,0.62,0.58,0.02,0.01,0.03,0.001,0.07,36%,7.86,--,0.45,18.07,44.71,4.2,2.61,62%,0.255,0.322,0.453,0.198,0.337,0.326,0.354,0.305,3.78,0.76,0.31,0.01,0.07,0.96,0.58,0.19,0.01,0.18,1.72,2038972.0,
94,3202832.0,Ronny Mauricio,B,NYM,BAL,3000,2B/3B,6,true,true,true,-,1,Charlie Morton,Jacob Stallings (N),Jansen Visconti (H),BAL,-,-,true,false,8%,false,68%,7.82,2.61,0.52,0.51,0.14,0.05,0.01,0.001,0.08,31%,8.1,--,0.44,18.54,14.87,4.2,2.44,58%,0.25,0.307,0.424,0.174,0.316,0.301,0.284,,3.87,1.02,0.28,0.02,0.04,0.97,0.62,0.17,0.01,0.16,1.64,3202832.0,
95,2440835.0,Jake Burger,R,TEX,LAA,3200,1B,8,false,false,true,-,-,Jack Kochanowicz,Logan O'Hoppe (-),Nate Tomlinson (N),LAA,-,-,false,false,1%,false,70%,7.82,2.44,0.58,0.59,0.02,0.0,0.0,0.001,0.09,41%,7.88,Main,0.49,18.03,10.65,4.02,2.31,57%,0.264,0.317,0.483,0.219,0.344,0.339,0.304,0.327,3.72,0.89,0.21,0.01,0.08,0.98,0.59,0.17,0.01,0.21,1.8,2440835.0,
96,2038764.0,Nolan Jones,L,CLE,CHW,2800,OF,2,false,false,true,-,-,Jonathan Cannon,Edgar Quero (--),-,CHW,-,-,true,false,32%,false,68%,7.8,2.79,0.49,0.58,0.11,0.03,0.01,0.001,0.07,31%,8.82,Main,0.41,18.35,8.69,4.01,2.85,71%,0.255,0.337,0.442,0.187,0.339,0.315,0.323,0.29,3.56,0.93,0.42,0.02,0.03,0.91,0.56,0.17,0.02,0.15,1.57,2038764.0,
97,1252616.0,Sam Haggerty,B,TEX,LAA,1,--,1,false,false,false,-,-,Jack Kochanowicz,Logan O'Hoppe (-),Nate Tomlinson (N),LAA,-,-,true,false,0%,false,52%,7.8,7800.0,0.36,0.54,0.18,0.05,0.03,0.001,0.11,14%,7.81,Main,0.77,18.66,0.01,4.74,2.99,63%,0.249,0.314,0.36,0.111,0.299,0.292,0.325,,4.29,0.83,0.36,0.02,0.06,1.07,0.77,0.18,0.04,0.07,1.54,1252616.0,
98,814227.0,Jesus Sanchez,L,MIA,CIN,1,--,2,false,true,false,-,-,Nick Lodolo,Jose Trevino (+),Jeremie Rehak (P),CIN,-,-,false,false,3%,false,61%,7.79,7790.0,0.5,0.59,0.06,0.04,0.01,0.001,0.11,27%,7.9,--,0.74,18.12,0.01,4.47,3.0,67%,0.258,0.321,0.408,0.15,0.32,0.334,0.343,0.348,4.07,1.14,0.31,0.01,0.08,1.05,0.72,0.18,0.01,0.14,1.66,814227.0,
99,1452160.0,Luke Raley,L,SEA,NYY,3300,1B/OF,6,false,false,true,-,-,Marcus Stroman,Ben Rice (N),Nic Lentz (EH),NYY,-,-,true,false,27%,false,62%,7.78,2.36,0.54,0.55,0.1,0.03,0.02,0.001,0.08,35%,8.78,Main,0.3,18.28,8.06,3.8,2.48,65%,0.259,0.348,0.469,0.21,0.356,0.331,0.357,0.323,3.32,0.8,0.35,0.01,0.12,0.86,0.52,0.16,0.01,0.17,1.56,1452160.0,
100,3673261.0,Will Benson,L,CIN,MIA,3600,OF,8,true,false,true,-,-,Cal Quantrill,Agustin Ramirez (-),Jeremie Rehak (P),CIN,-,-,true,true,12%,true,67%,7.77,2.16,0.52,0.56,0.17,0.03,0.01,0.001,0.05,33%,8.25,--,0.21,18.67,14.95,3.63,2.04,56%,0.235,0.338,0.461,0.226,0.346,0.313,0.348,0.267,3.13,1.11,0.46,0.02,0.03,0.73,0.38,0.16,0.02,0.16,1.44,3673261.0,
101,3202832.0,Ronny Mauricio,B,NYM,BAL,3000,2B/3B,7,false,false,true,-,2,Tomoyuki Sugano,Alex Jackson (N),-,BAL,-,-,true,false,8%,false,68%,7.76,2.59,0.54,0.52,0.1,0.05,0.01,0.001,0.09,34%,8.04,--,0.51,18.15,13.6,4.06,2.34,58%,0.266,0.307,0.454,0.188,0.326,0.301,0.284,,3.83,0.75,0.2,0.02,0.03,1.02,0.65,0.18,0.01,0.17,1.74,3202832.0,
102,37078.0,Austin Slater,R,CHW,CLE,3400,OF,2,false,false,true,-,-,Logan Allen,Bo Naylor (+),-,CHW,-,H,true,true,18%,false,67%,7.73,2.27,0.48,0.59,0.04,0.02,0.01,0.001,0.08,28%,8.25,Main,0.65,18.08,3.52,4.1,2.87,70%,0.274,0.36,0.452,0.178,0.356,0.316,0.309,0.308,3.59,0.87,0.45,0.0,0.04,0.98,0.64,0.18,0.02,0.14,1.62,37078.0,
103,38057.0,Ramon Laureano,R,BAL,NYM,3800,OF,5,false,false,true,-,2,Justin Hagenman,Luis Torrens (N),-,BAL,-,-,false,true,5%,false,60%,7.73,2.03,0.55,0.55,0.05,0.03,0.01,0.001,0.06,39%,8.1,--,0.35,18.16,20.63,3.98,2.1,53%,0.258,0.32,0.474,0.216,0.342,0.318,0.328,0.315,3.64,1.08,0.25,0.01,0.08,0.94,0.55,0.18,0.01,0.19,1.72,38057.0,
104,10261.0,Carlos Santana,B,CLE,CHW,3600,1B,4,false,false,true,-,-,Jonathan Cannon,Edgar Quero (--),-,CHW,-,-,true,false,0%,true,57%,7.66,2.13,0.62,0.56,0.03,0.01,0.0,0.001,0.08,37%,7.66,Main,0.35,17.46,4.9,4.39,2.67,61%,0.224,0.304,0.404,0.18,0.31,0.298,0.299,0.302,3.93,0.66,0.43,0.0,0.02,0.88,0.54,0.15,0.0,0.18,1.59,10261.0,
105,17740.0,Trevor Story,R,BOS,TBR,4300,SS,3,false,false,true,-,-,Taj Bradley,Matt Thaiss (-),-,BOS,-,-,false,true,0%,false,64%,7.62,1.77,0.59,0.52,0.09,0.04,0.01,0.001,0.07,29%,7.62,Main,0.37,18.23,7.08,4.25,2.8,66%,0.238,0.3,0.405,0.167,0.308,0.313,0.294,0.27,3.89,1.16,0.3,0.01,0.05,0.93,0.58,0.18,0.02,0.15,1.57,17740.0,
106,2947169.0,Lars Nootbaar,L,STL,WAS,4200,OF,7,false,false,true,-,-,Mike Soroka,Riley Adams (--),Adrian Johnson (EH),STL,-,-,true,true,0%,false,62%,7.61,1.81,0.53,0.55,0.06,0.02,0.01,0.001,0.08,30%,7.61,Main,0.51,17.93,4.22,3.92,2.29,58%,0.257,0.367,0.448,0.191,0.356,0.343,0.335,0.352,3.33,0.72,0.55,0.03,0.03,0.85,0.53,0.16,0.01,0.15,1.49,2947169.0,
107,5935387.0,Jackson Holliday,L,BAL,NYM,3700,2B,1,true,true,true,-,1,David Peterson,Luis Torrens (N),Jansen Visconti (H),BAL,-,P,false,true,0%,false,62%,7.59,2.05,0.43,0.59,0.06,0.03,0.02,0.001,0.11,23%,7.59,--,0.82,17.7,11.11,4.59,3.18,69%,0.256,0.317,0.392,0.136,0.311,0.321,0.32,0.287,4.18,1.27,0.34,0.02,0.05,1.07,0.76,0.17,0.02,0.12,1.64,5935387.0,
108,2441354.0,Otto Lopez,R,MIA,CIN,3400,SS,4,false,true,true,-,-,Nick Lodolo,Jose Trevino (+),Jeremie Rehak (P),CIN,-,P,true,false,1%,false,53%,7.58,2.23,0.53,0.48,0.11,0.05,0.03,0.001,0.12,22%,7.62,--,0.67,17.55,7.55,4.33,2.82,65%,0.269,0.316,0.402,0.133,0.314,0.317,0.336,0.312,4.02,0.78,0.25,0.01,0.04,1.08,0.76,0.2,0.0,0.11,1.62,2441354.0,
109,36197.0,Mitch Garver,R,SEA,NYY,1,--,6,false,false,false,-,-,Marcus Stroman,Ben Rice (N),Nic Lentz (EH),NYY,-,H,false,false,1%,false,69%,7.56,7560.0,0.57,0.56,0.03,0.01,0.0,0.001,0.07,35%,7.59,Main,0.39,17.38,0.01,4.29,2.48,58%,0.233,0.322,0.411,0.178,0.323,0.31,0.28,0.285,3.79,1.02,0.44,0.0,0.06,0.88,0.56,0.14,0.0,0.17,1.56,36197.0,
110,5211612.0,Evan Carter,L,TEX,LAA,4400,OF,7,false,false,true,-,-,Jack Kochanowicz,Logan O'Hoppe (-),Nate Tomlinson (N),LAA,-,-,true,false,12%,false,50%,7.56,1.72,0.47,0.48,0.12,0.04,0.01,0.001,0.08,29%,7.97,Main,0.28,18.5,4.11,3.94,2.42,61%,0.258,0.337,0.446,0.188,0.339,0.319,0.316,0.284,3.51,0.73,0.37,0.02,0.05,0.91,0.56,0.17,0.04,0.14,1.57,5211612.0,
111,36727.0,Cody Bellinger,L,NYY,SEA,5000,OF,3,false,false,true,-,-,Bryan Woo,Cal Raleigh (++),Nic Lentz (EH),NYY,-,P,true,true,0%,false,56%,7.56,1.51,0.54,0.5,0.07,0.02,0.0,0.001,0.06,36%,7.56,Main,0.23,17.93,3.59,4.18,2.74,66%,0.236,0.3,0.435,0.199,0.316,0.325,0.339,0.297,3.83,0.68,0.33,0.03,0.02,0.9,0.52,0.19,0.02,0.18,1.67,36727.0,
112,36162.0,Amed Rosario,R,WAS,STL,1,--,3,false,false,false,-,-,Miles Mikolas,Pedro Pages (+),Adrian Johnson (EH),STL,-,H,false,false,1%,false,59%,7.56,7560.0,0.54,0.48,0.09,0.03,0.01,0.001,0.11,16%,7.61,Main,0.96,17.52,0.01,4.42,2.68,61%,0.288,0.311,0.405,0.117,0.312,0.303,0.326,0.285,4.26,0.59,0.12,0.0,0.03,1.23,0.91,0.22,0.02,0.08,1.73,36162.0,
113,4691191.0,David Fry,R,CLE,CHW,1,--,5,false,false,false,-,-,Jonathan Cannon,Edgar Quero (--),-,CHW,-,-,false,false,6%,true,72%,7.55,7550.0,0.56,0.55,0.04,0.02,0.01,0.001,0.06,35%,7.75,Main,0.39,17.87,0.01,4.18,2.59,62%,0.245,0.311,0.431,0.186,0.323,0.311,0.22,0.314,3.81,0.86,0.3,0.01,0.07,0.93,0.57,0.19,0.01,0.17,1.64,4691191.0,
114,7958030.0,Chandler Simpson,L,TBR,BOS,4600,OF,7,false,false,true,-,-,Walker Buehler,Carlos Narvaez (N),-,BOS,-,P,true,false,0%,false,43%,7.54,1.64,0.31,0.33,0.41,0.06,0.05,0.001,0.13,0%,7.56,Main,0.9,17.24,7.42,4.07,2.44,60%,0.289,0.326,0.347,0.058,0.3,0.294,0.305,,3.78,0.44,0.22,0.01,0.01,1.09,0.9,0.16,0.03,0.0,1.31,7958030.0,
115,36142.0,Lourdes Gurriel Jr.,R,ARI,SDP,3900,OF,6,false,false,true,-,-,Randy Vasquez,Elias Diaz (N),Ryan Blakney (EP),SDP,-,-,false,false,0%,false,58%,7.5,1.92,0.54,0.52,0.04,0.02,0.0,0.001,0.08,31%,7.5,Main,0.59,17.53,3.09,4.22,2.36,56%,0.264,0.311,0.434,0.17,0.323,0.322,0.331,0.319,3.95,0.64,0.22,0.0,0.05,1.04,0.69,0.2,0.01,0.15,1.71,36142.0,
116,4619160.0,Jose Caballero,R,TBR,BOS,4200,OF/SS,8,false,false,true,-,-,Walker Buehler,Carlos Narvaez (N),-,BOS,-,-,false,false,3%,false,53%,7.5,1.79,0.37,0.4,0.43,0.1,0.02,0.001,0.07,12%,7.61,Main,0.22,17.93,6.95,3.92,2.33,59%,0.217,0.295,0.313,0.096,0.275,0.285,0.3,0.278,3.5,0.95,0.3,0.0,0.1,0.76,0.55,0.13,0.01,0.06,1.09,4619160.0,
117,14918.0,Travis d'Arnaud,R,LAA,TEX,1,--,8,false,false,false,-,-,Patrick Corbin,Jonah Heim (N),Nate Tomlinson (N),LAA,-,-,true,true,2%,false,71%,7.47,7470.0,0.56,0.58,0.01,0.0,0.0,0.001,0.07,36%,7.56,Main,0.45,17.6,0.01,3.89,2.17,56%,0.267,0.325,0.473,0.206,0.344,0.305,0.308,0.299,3.57,0.89,0.27,0.0,0.04,0.95,0.58,0.19,0.01,0.18,1.69,14918.0,
118,6372375.0,Ben Rice,L,NYY,SEA,4300,1B/C,7,false,false,true,-,-,Bryan Woo,Cal Raleigh (++),Nic Lentz (EH),NYY,-,-,true,true,9%,false,63%,7.46,1.73,0.53,0.54,0.03,0.01,0.0,0.001,0.05,48%,7.72,Main,0.12,17.55,5.23,3.67,2.38,65%,0.247,0.328,0.513,0.266,0.359,0.347,0.406,0.313,3.27,0.81,0.35,0.02,0.05,0.81,0.41,0.16,0.01,0.23,1.68,6372375.0,
119,6303703.0,Connor Norby,R,MIA,CIN,3300,3B,7,false,true,true,-,-,Nick Lodolo,Jose Trevino (+),Jeremie Rehak (P),CIN,-,-,true,false,1%,false,63%,7.46,2.26,0.52,0.51,0.07,0.03,0.0,0.001,0.07,31%,7.5,--,0.38,17.88,20.86,4.01,2.52,63%,0.262,0.321,0.449,0.187,0.334,0.315,0.311,0.335,3.68,1.07,0.27,0.0,0.06,0.97,0.59,0.21,0.01,0.15,1.65,6303703.0,
120,3202063.0,Steven Kwan,L,CLE,CHW,4000,OF,1,false,false,true,-,-,Jonathan Cannon,Edgar Quero (--),-,CHW,-,-,true,false,0%,false,55%,7.45,1.86,0.32,0.53,0.14,0.04,0.01,0.001,0.09,7%,7.45,Main,0.97,17.45,4.04,4.68,2.95,63%,0.269,0.338,0.354,0.085,0.309,0.306,0.33,0.327,4.22,0.34,0.41,0.01,0.03,1.14,0.88,0.18,0.03,0.04,1.5,3202063.0,
121,6539230.0,Nicholas Kurtz,L,ATH,ATL,5000,1B,4,false,false,true,-,-,Spencer Strider,Sean Murphy (N),Chris Guccione (N),SAC01,-,-,true,true,6%,false,65%,7.45,1.49,0.58,0.54,0.02,0.01,0.0,0.001,0.05,45%,7.61,Main,0.12,17.53,3.0,4.04,2.7,67%,0.215,0.299,0.45,0.235,0.322,0.317,0.306,,3.6,1.51,0.41,0.01,0.02,0.77,0.37,0.17,0.02,0.21,1.62,6539230.0,
122,34682.0,Willson Contreras,R,STL,WAS,4400,1B,4,false,false,true,-,-,Mike Soroka,Riley Adams (--),Adrian Johnson (EH),STL,-,-,false,true,3%,false,60%,7.45,1.69,0.55,0.53,0.04,0.02,0.01,0.001,0.09,25%,7.54,Main,0.44,17.53,4.54,4.13,2.56,62%,0.255,0.358,0.411,0.156,0.341,0.347,0.369,0.352,3.55,0.92,0.41,0.01,0.16,0.91,0.61,0.17,0.01,0.12,1.46,34682.0,
123,6828390.0,Eric Wagaman,R,MIA,CIN,3000,1B,5,false,true,true,-,-,Nick Lodolo,Jose Trevino (+),Jeremie Rehak (P),CIN,-,-,true,false,6%,false,62%,7.44,2.48,0.54,0.52,0.04,0.02,0.01,0.001,0.09,31%,7.62,--,0.51,17.19,11.44,4.15,2.73,66%,0.263,0.309,0.438,0.175,0.324,0.301,0.289,0.281,3.88,0.8,0.23,0.0,0.03,1.02,0.65,0.22,0.0,0.15,1.7,6828390.0,
124,14928.0,Josh Bell,B,WAS,STL,3000,1B,5,false,false,true,-,-,Miles Mikolas,Pedro Pages (+),Adrian Johnson (EH),STL,-,H,true,false,2%,false,66%,7.44,2.48,0.57,0.55,0.0,0.0,0.01,0.001,0.1,31%,7.51,Main,0.64,17.06,10.14,4.23,2.53,60%,0.266,0.322,0.429,0.163,0.327,0.322,0.328,0.287,3.9,0.65,0.3,0.01,0.03,1.04,0.7,0.18,0.0,0.15,1.67,14928.0,
125,6299520.0,Daniel Schneemann,L,CLE,CHW,3400,2B/3B,5,false,false,true,-,-,Jonathan Cannon,Edgar Quero (--),-,CHW,-,H,true,false,16%,true,68%,7.43,2.19,0.51,0.51,0.1,0.03,0.02,0.001,0.08,31%,7.94,Main,0.36,17.97,7.99,4.0,2.59,65%,0.251,0.318,0.43,0.179,0.326,0.299,0.332,0.284,3.62,0.84,0.35,0.0,0.01,0.91,0.58,0.16,0.02,0.15,1.56,6299520.0,
126,4920030.0,Colton Cowser,L,BAL,NYM,4300,OF,6,true,true,true,-,1,David Peterson,Luis Torrens (N),Jansen Visconti (H),BAL,-,-,false,true,0%,false,68%,7.37,1.71,0.52,0.52,0.04,0.02,0.01,0.001,0.08,34%,7.38,--,0.41,17.34,12.6,4.04,2.68,66%,0.255,0.332,0.438,0.183,0.335,0.333,0.293,0.338,3.61,1.22,0.34,0.02,0.08,0.92,0.6,0.15,0.01,0.16,1.58,4920030.0,
127,15357.0,Randal Grichuk,R,ARI,SDP,1,--,8,false,false,false,-,-,Randy Vasquez,Elias Diaz (N),Ryan Blakney (EP),SDP,-,-,false,false,6%,true,71%,7.32,7320.0,0.58,0.56,0.01,0.0,0.0,0.001,0.07,41%,7.54,Main,0.33,17.14,0.01,3.91,2.14,55%,0.25,0.298,0.461,0.211,0.327,0.326,0.333,0.341,3.65,0.76,0.21,0.0,0.04,0.91,0.53,0.18,0.01,0.19,1.68,15357.0,
128,6438825.0,Brooks Lee,B,MIN,CHC,3100,2B/3B,3,true,true,true,-,-,Colin Rea,Carson Kelly (N),Alan Porter (N),MIN,-,-,true,true,0%,false,62%,7.31,2.36,0.55,0.5,0.03,0.01,0.01,0.001,0.09,27%,7.31,--,0.66,16.98,12.58,4.31,2.68,62%,0.264,0.31,0.412,0.148,0.314,0.282,0.28,0.281,4.03,0.66,0.25,0.01,0.02,1.07,0.74,0.19,0.01,0.13,1.66,6438825.0,
129,37230.0,Mike Tauchman,L,CHW,CLE,1,--,1,false,false,false,-,-,Logan Allen,Bo Naylor (+),-,CHW,-,-,false,true,0%,false,54%,7.29,7290.0,0.41,0.6,0.03,0.02,0.01,0.001,0.08,27%,7.29,Main,0.64,17.06,0.01,4.51,2.99,66%,0.233,0.327,0.374,0.141,0.312,0.312,0.319,0.336,3.94,0.98,0.51,0.01,0.05,0.92,0.63,0.14,0.01,0.13,1.47,37230.0,
130,2039344.0,Geraldo Perdomo,B,ARI,SDP,4400,SS,3,false,false,true,-,-,Randy Vasquez,Elias Diaz (N),Ryan Blakney (EP),SDP,-,-,true,false,0%,false,47%,7.28,1.65,0.5,0.48,0.09,0.04,0.1,0.001,0.08,19%,7.28,Main,0.54,17.6,6.08,4.52,2.59,57%,0.239,0.323,0.359,0.12,0.308,0.307,0.354,0.284,3.89,0.59,0.48,0.01,0.05,0.93,0.66,0.17,0.02,0.09,1.4,2039344.0,
131,7382512.0,Chase Meidroth,R,CHW,CLE,3500,2B/SS,1,false,false,true,-,-,Logan Allen,Bo Naylor (+),-,CHW,-,H,true,true,1%,true,57%,7.27,2.08,0.35,0.55,0.07,0.02,0.01,0.001,0.1,14%,7.32,Main,0.88,17.23,4.49,4.48,2.99,67%,0.268,0.348,0.375,0.107,0.323,0.301,0.299,,3.97,0.57,0.46,0.0,0.04,1.06,0.79,0.18,0.02,0.07,1.49,7382512.0,
132,980776.0,Nathaniel Lowe,L,WAS,STL,3500,1B,4,false,false,true,-,-,Miles Mikolas,Pedro Pages (+),Adrian Johnson (EH),STL,-,H,true,false,0%,false,59%,7.27,2.08,0.55,0.51,0.01,0.0,0.01,0.001,0.09,23%,7.27,Main,0.71,16.93,8.84,4.36,2.61,60%,0.267,0.327,0.402,0.135,0.32,0.311,0.292,0.327,3.99,0.86,0.34,0.01,0.02,1.06,0.76,0.18,0.02,0.11,1.6,980776.0,
133,5986417.0,Jackson Merrill,L,SDP,ARI,4300,OF,6,false,false,true,-,-,Eduardo Rodriguez,Jose Herrera (-),Ryan Blakney (EP),SDP,-,-,false,true,0%,true,67%,7.26,1.69,0.5,0.5,0.05,0.01,0.03,0.001,0.08,30%,7.26,Main,0.4,17.43,2.64,3.96,2.56,65%,0.269,0.316,0.454,0.185,0.332,0.336,0.346,0.371,3.66,0.78,0.25,0.02,0.02,0.98,0.61,0.21,0.02,0.14,1.66,5986417.0,
134,2051323.0,Tyler Soderstrom,L,ATH,ATL,4500,OF,6,false,false,true,-,-,Spencer Strider,Sean Murphy (N),Chris Guccione (N),SAC01,-,-,true,true,1%,false,63%,7.25,1.61,0.49,0.51,0.03,0.01,0.0,0.001,0.06,39%,7.29,Main,0.09,17.51,1.78,3.92,2.52,64%,0.239,0.318,0.463,0.224,0.336,0.326,0.338,0.338,3.51,1.13,0.37,0.02,0.03,0.84,0.44,0.19,0.02,0.19,1.63,2051323.0,
135,16203.0,Carson Kelly,R,CHC,MIN,3700,C,7,true,true,true,-,-,Chris Paddack,Ryan Jeffers (-),Alan Porter (N),MIN,-,-,false,false,5%,false,63%,7.2,1.95,0.54,0.53,0.01,0.0,0.01,0.001,0.08,31%,7.37,--,0.48,16.95,26.92,4.1,2.24,55%,0.259,0.322,0.428,0.169,0.327,0.324,0.366,0.287,3.74,0.72,0.31,0.0,0.04,0.97,0.63,0.19,0.01,0.14,1.6,16203.0,
136,3561728.0,Kyle Stowers,L,MIA,CIN,1,--,5,false,true,false,-,-,Nick Lodolo,Jose Trevino (+),Jeremie Rehak (P),CIN,-,-,false,false,0%,false,55%,7.18,7180.0,0.51,0.52,0.02,0.02,0.01,0.001,0.09,31%,7.18,--,0.41,17.04,0.01,4.25,2.73,64%,0.243,0.315,0.409,0.166,0.317,0.325,0.364,0.298,3.83,1.25,0.31,0.01,0.1,0.93,0.6,0.18,0.01,0.14,1.57,3561728.0,
137,16282.0,Carlos Correa,R,MIN,CHC,3200,SS,6,true,true,true,-,-,Colin Rea,Carson Kelly (N),Alan Porter (N),MIN,-,-,false,true,2%,false,62%,7.16,2.24,0.5,0.51,0.01,0.0,0.0,0.001,0.08,32%,7.23,--,0.51,16.94,16.65,3.98,2.44,61%,0.275,0.333,0.453,0.178,0.34,0.332,0.294,0.376,3.66,0.65,0.29,0.01,0.02,1.01,0.66,0.19,0.01,0.15,1.66,16282.0,
138,2130862.0,Xavier Edwards,B,MIA,CIN,4000,2B,1,false,true,true,-,-,Nick Lodolo,Jose Trevino (+),Jeremie Rehak (P),CIN,-,P,true,false,0%,false,59%,7.16,1.79,0.28,0.47,0.2,0.06,0.08,0.001,0.12,4%,7.18,--,0.99,16.69,9.35,4.64,3.11,67%,0.27,0.322,0.328,0.058,0.293,0.305,0.295,0.312,4.19,0.7,0.34,0.01,0.02,1.13,0.93,0.17,0.01,0.02,1.38,2130862.0,
139,642303.0,Tyrone Taylor,R,NYM,BAL,2700,OF,9,false,false,false,-,2,Tomoyuki Sugano,Alex Jackson (N),-,BAL,-,P,false,false,8%,true,69%,7.15,2.65,0.47,0.5,0.09,0.04,0.01,0.001,0.06,31%,7.45,--,0.31,17.58,0.01,3.84,2.11,55%,0.256,0.302,0.443,0.187,0.322,0.298,0.292,0.322,3.59,0.76,0.15,0.0,0.09,0.92,0.56,0.2,0.02,0.14,1.59,642303.0,
140,3202098.0,Kody Clemens,L,MIN,CHC,2900,1B/2B,7,true,true,true,-,-,Colin Rea,Carson Kelly (N),Alan Porter (N),MIN,-,-,true,true,24%,false,59%,7.13,2.46,0.54,0.52,0.03,0.01,0.01,0.001,0.06,43%,7.84,--,0.12,17.01,12.62,3.54,2.33,66%,0.256,0.312,0.499,0.243,0.347,0.307,0.335,0.258,3.26,0.79,0.24,0.0,0.02,0.84,0.45,0.17,0.02,0.2,1.63,3202098.0,
141,2173705.0,Brett Baty,L,NYM,BAL,3300,2B/3B,9,false,false,true,-,2,Tomoyuki Sugano,Alex Jackson (N),-,BAL,-,H,true,false,10%,false,58%,7.13,2.16,0.52,0.54,0.02,0.01,0.02,0.001,0.09,40%,7.46,--,0.38,16.82,12.67,3.8,2.11,56%,0.261,0.31,0.465,0.204,0.334,0.312,0.339,0.292,3.52,0.84,0.23,0.01,0.03,0.92,0.57,0.16,0.01,0.18,1.64,2173705.0,
142,1266421.0,Nico Hoerner,R,CHC,MIN,3900,2B,8,true,true,true,-,-,Chris Paddack,Ryan Jeffers (-),Alan Porter (N),MIN,-,-,false,false,0%,false,55%,7.12,1.83,0.38,0.43,0.14,0.06,0.01,0.001,0.1,9%,7.12,--,0.84,16.88,11.66,4.12,2.14,52%,0.298,0.339,0.398,0.1,0.324,0.313,0.311,0.31,3.86,0.37,0.19,0.0,0.06,1.15,0.87,0.21,0.02,0.04,1.54,1266421.0,
143,5120761.0,Nolan Schanuel,L,LAA,TEX,3800,1B,2,false,false,true,-,-,Patrick Corbin,Jonah Heim (N),Nate Tomlinson (N),LAA,-,-,false,true,0%,false,50%,7.12,1.87,0.42,0.53,0.04,0.02,0.04,0.001,0.11,14%,7.13,Main,0.84,16.92,5.17,4.5,2.71,60%,0.261,0.343,0.363,0.102,0.316,0.322,0.331,0.328,3.94,0.62,0.46,0.02,0.06,1.03,0.78,0.16,0.02,0.07,1.43,5120761.0,
144,2553279.0,Ha-seong Kim,R,TBR,BOS,3700,SS,5,false,false,true,-,-,Walker Buehler,Carlos Narvaez (N),-,BOS,-,-,false,false,13%,false,33%,7.11,1.92,0.45,0.44,0.22,0.05,0.03,0.001,0.09,15%,7.5,Main,0.36,17.42,7.62,4.08,2.65,65%,0.236,0.313,0.342,0.106,0.294,0.309,,0.326,3.62,0.65,0.38,0.0,0.04,0.85,0.62,0.15,0.01,0.07,1.24,2553279.0,
145,17769.0,Jesse Winker,L,NYM,BAL,2800,OF,5,false,false,true,-,2,Tomoyuki Sugano,Alex Jackson (N),-,BAL,-,-,true,false,34%,false,60%,7.11,2.54,0.5,0.51,0.04,0.02,0.01,0.001,0.07,37%,8.28,--,0.28,17.33,15.3,3.78,2.54,67%,0.257,0.335,0.457,0.2,0.343,0.32,0.305,0.322,3.37,0.62,0.35,0.01,0.05,0.87,0.54,0.15,0.01,0.17,1.54,17769.0,
146,8775113.0,Roman Anthony,L,BOS,TBR,4200,OF,2,false,false,true,-,-,Taj Bradley,Matt Thaiss (-),-,BOS,-,P,true,true,0%,false,42%,7.11,1.69,0.44,0.54,0.04,0.02,0.01,0.001,0.1,22%,7.12,Main,0.46,16.94,3.05,4.33,2.89,67%,0.237,0.33,0.38,0.143,0.315,0.321,0.337,,3.79,1.07,0.5,0.01,0.03,0.9,0.58,0.2,0.01,0.11,1.44,8775113.0,
147,15873.0,Xander Bogaerts,R,SDP,ARI,3400,SS,5,false,false,true,-,-,Eduardo Rodriguez,Jose Herrera (-),Ryan Blakney (EP),SDP,-,-,true,true,4%,false,63%,7.08,2.08,0.49,0.48,0.07,0.03,0.0,0.001,0.08,25%,7.2,Main,0.4,16.99,7.6,4.0,2.65,66%,0.258,0.324,0.413,0.155,0.323,0.33,0.325,0.281,3.63,0.74,0.34,0.0,0.02,0.94,0.62,0.2,0.01,0.12,1.5,15873.0,
148,2038973.0,Royce Lewis,R,MIN,CHC,2500,3B,8,true,true,true,-,-,Colin Rea,Carson Kelly (N),Alan Porter (N),MIN,-,-,false,true,5%,false,70%,7.08,2.83,0.51,0.52,0.04,0.02,0.0,0.001,0.06,36%,7.24,--,0.29,16.9,24.35,3.73,2.22,60%,0.262,0.315,0.466,0.204,0.336,0.324,0.318,0.338,3.45,0.64,0.25,0.01,0.02,0.91,0.54,0.19,0.01,0.17,1.61,2038973.0,
149,4937095.0,Dominic Canzone,L,SEA,NYY,3800,OF,7,false,false,true,-,-,Marcus Stroman,Ben Rice (N),Nic Lentz (EH),NYY,-,-,true,false,27%,false,60%,7.07,1.86,0.54,0.51,0.04,0.01,0.0,0.001,0.09,38%,8.02,Main,0.26,16.85,3.24,3.7,2.36,64%,0.256,0.322,0.455,0.199,0.335,0.314,0.353,0.307,3.36,0.61,0.31,0.02,0.02,0.86,0.53,0.16,0.01,0.16,1.53,4937095.0,
150,2038760.0,Bo Naylor,L,CLE,CHW,2900,C,7,false,false,true,-,-,Jonathan Cannon,Edgar Quero (--),-,CHW,-,P,true,false,9%,false,70%,7.06,2.43,0.53,0.51,0.06,0.02,0.01,0.001,0.05,39%,7.34,Main,0.08,17.19,8.48,3.92,2.39,61%,0.214,0.295,0.416,0.202,0.31,0.3,0.311,0.254,3.51,0.92,0.38,0.01,0.03,0.75,0.41,0.15,0.01,0.18,1.46,2038760.0,
151,1405649.0,Jonah Heim,B,TEX,LAA,3000,C,5,false,false,true,-,-,Jack Kochanowicz,Logan O'Hoppe (-),Nate Tomlinson (N),LAA,-,-,true,false,0%,false,62%,7.05,2.35,0.53,0.5,0.02,0.01,0.01,0.001,0.09,34%,7.05,Main,0.4,16.92,5.88,4.36,2.62,60%,0.233,0.289,0.393,0.16,0.297,0.284,0.259,0.256,4.03,0.7,0.29,0.01,0.03,0.94,0.61,0.16,0.01,0.16,1.58,1405649.0,
152,2173705.0,Brett Baty,L,NYM,BAL,3300,2B/3B,8,true,true,true,-,1,Charlie Morton,Jacob Stallings (N),Jansen Visconti (H),BAL,-,H,true,false,10%,false,58%,7.03,2.13,0.51,0.52,0.03,0.01,0.02,0.001,0.08,37%,7.38,--,0.27,16.79,9.91,3.95,2.22,56%,0.241,0.312,0.427,0.186,0.322,0.312,0.339,0.292,3.55,1.1,0.34,0.01,0.03,0.86,0.53,0.15,0.01,0.17,1.52,2173705.0,
153,2039180.0,Taylor Walls,B,TBR,BOS,1,--,8,false,false,false,-,-,Walker Buehler,Carlos Narvaez (N),-,BOS,-,-,true,false,0%,false,59%,7.03,7030.0,0.38,0.43,0.25,0.06,0.02,0.001,0.07,14%,7.03,Main,0.2,17.17,0.01,3.98,2.33,59%,0.226,0.315,0.34,0.114,0.295,0.283,0.285,0.244,3.5,0.78,0.44,0.0,0.02,0.79,0.54,0.17,0.02,0.06,1.19,2039180.0,
154,642303.0,Tyrone Taylor,R,NYM,BAL,2700,OF,9,true,true,true,-,1,Charlie Morton,Jacob Stallings (N),Jansen Visconti (H),BAL,-,P,false,false,8%,true,69%,7.0,2.59,0.45,0.47,0.12,0.04,0.01,0.001,0.06,27%,7.33,--,0.21,17.3,7.93,3.87,2.1,54%,0.244,0.301,0.412,0.168,0.311,0.298,0.292,0.322,3.57,0.9,0.19,0.0,0.11,0.87,0.53,0.19,0.02,0.12,1.47,642303.0,
155,4061157.0,Angel Martinez,B,CLE,CHW,3000,2B/OF,6,false,false,true,-,-,Jonathan Cannon,Edgar Quero (--),-,CHW,-,-,true,false,1%,false,66%,6.98,2.33,0.46,0.46,0.08,0.03,0.04,0.001,0.08,27%,7.03,Main,0.43,16.7,8.55,4.16,2.51,60%,0.249,0.297,0.4,0.151,0.305,0.295,0.268,0.271,3.84,0.66,0.25,0.0,0.03,0.96,0.65,0.16,0.02,0.12,1.54,4061157.0,
156,2039236.0,Eli White,R,ATL,ATH,3000,OF,8,false,false,true,-,-,JP Sears,Shea Langeliers (-),Chris Guccione (N),SAC01,-,-,true,false,22%,false,62%,6.95,2.32,0.41,0.44,0.17,0.03,0.01,0.001,0.06,25%,7.7,Main,0.2,17.39,3.58,3.69,2.12,57%,0.254,0.306,0.423,0.169,0.317,0.298,0.323,0.307,3.42,0.9,0.22,0.0,0.04,0.87,0.54,0.19,0.03,0.11,1.44,2039236.0,
157,2040085.0,Masyn Winn,R,STL,WAS,3800,SS,2,false,false,true,-,-,Mike Soroka,Riley Adams (--),Adrian Johnson (EH),STL,-,-,false,true,6%,false,58%,6.95,1.83,0.43,0.49,0.1,0.03,0.03,0.001,0.09,16%,7.13,Main,0.62,16.84,4.44,4.27,2.73,64%,0.254,0.309,0.365,0.111,0.298,0.305,0.312,0.318,3.92,0.71,0.29,0.0,0.04,1.0,0.73,0.18,0.02,0.07,1.43,2040085.0,
158,17769.0,Jesse Winker,L,NYM,BAL,2800,OF,5,true,true,true,-,1,Charlie Morton,Jacob Stallings (N),Jansen Visconti (H),BAL,-,-,true,false,34%,false,60%,6.92,2.47,0.47,0.49,0.05,0.03,0.01,0.001,0.06,33%,8.13,--,0.19,16.78,15.56,3.79,2.52,66%,0.237,0.353,0.418,0.181,0.34,0.32,0.305,0.322,3.2,0.86,0.52,0.01,0.06,0.76,0.47,0.14,0.01,0.14,1.34,17769.0,
159,10557.0,Giancarlo Stanton,R,NYY,SEA,3500,OF,4,false,false,true,-,-,Bryan Woo,Cal Raleigh (++),Nic Lentz (EH),NYY,-,-,false,true,0%,false,75%,6.91,1.97,0.58,0.52,0.0,0.0,0.0,0.001,0.07,51%,6.91,Main,0.09,16.51,3.25,4.07,2.66,65%,0.203,0.256,0.416,0.213,0.289,0.332,0.265,0.344,3.8,1.32,0.25,0.01,0.02,0.77,0.43,0.11,0.0,0.23,1.58,10557.0,
160,3610165.0,Alex Call,R,WAS,STL,1,--,6,false,false,false,-,-,Miles Mikolas,Pedro Pages (+),Adrian Johnson (EH),STL,-,-,false,false,0%,false,54%,6.9,6900.0,0.45,0.46,0.06,0.03,0.03,0.001,0.08,22%,6.9,Main,0.47,16.81,0.01,4.17,2.45,59%,0.257,0.316,0.393,0.136,0.313,0.312,0.324,0.32,3.79,0.57,0.29,0.0,0.06,0.97,0.67,0.18,0.02,0.1,1.49,3610165.0,
161,7945402.0,Edgar Quero,B,CHW,CLE,2800,C,4,false,false,true,-,-,Logan Allen,Bo Naylor (+),-,CHW,-,-,true,true,0%,false,63%,6.89,2.46,0.49,0.46,0.01,0.01,0.01,0.001,0.09,21%,6.91,Main,0.55,16.54,8.47,4.17,2.7,65%,0.27,0.34,0.405,0.135,0.327,0.302,0.295,,3.75,0.57,0.37,0.01,0.03,1.01,0.71,0.2,0.01,0.1,1.52,7945402.0,
162,5175547.0,Austin Wells,L,NYY,SEA,1,--,7,false,false,false,-,-,Bryan Woo,Cal Raleigh (++),Nic Lentz (EH),NYY,-,P,true,true,0%,false,58%,6.88,6880.0,0.49,0.49,0.02,0.01,0.0,0.001,0.05,45%,6.88,Main,0.05,16.57,0.01,3.8,2.38,63%,0.222,0.297,0.45,0.228,0.322,0.323,0.318,0.339,3.43,0.87,0.33,0.02,0.04,0.76,0.39,0.16,0.01,0.2,1.54,5175547.0,
163,37410.0,Harrison Bader,R,MIN,CHC,2700,OF,9,true,true,true,-,-,Colin Rea,Carson Kelly (N),Alan Porter (N),MIN,-,-,false,true,2%,false,64%,6.85,2.54,0.43,0.47,0.14,0.05,0.01,0.001,0.07,29%,6.92,--,0.25,17.22,13.49,3.67,2.11,57%,0.251,0.3,0.421,0.17,0.313,0.302,0.334,0.295,3.42,0.71,0.19,0.0,0.05,0.86,0.55,0.16,0.02,0.13,1.44,37410.0,
164,1254885.0,Gavin Lux,L,CIN,MIA,3300,OF,5,true,false,true,-,-,Cal Quantrill,Agustin Ramirez (-),Jeremie Rehak (P),CIN,-,-,true,true,22%,false,63%,6.8,2.06,0.44,0.47,0.05,0.01,0.0,0.001,0.07,23%,7.52,--,0.32,16.48,14.6,3.73,2.33,62%,0.264,0.357,0.427,0.163,0.344,0.313,0.302,0.323,3.26,0.77,0.46,0.01,0.01,0.86,0.55,0.18,0.02,0.1,1.39,1254885.0,
165,814904.0,Ramon Urias,R,BAL,NYM,2800,3B,5,true,true,true,-,1,David Peterson,Luis Torrens (N),Jansen Visconti (H),BAL,-,-,true,true,6%,false,59%,6.79,2.43,0.46,0.46,0.01,0.01,0.01,0.001,0.1,23%,6.94,--,0.53,16.11,22.96,4.07,2.78,68%,0.271,0.34,0.409,0.138,0.33,0.306,0.302,0.308,3.67,0.74,0.33,0.0,0.06,0.99,0.7,0.18,0.01,0.1,1.5,814904.0,
166,5462282.0,Johnathan Rodriguez,R,CLE,CHW,1,--,6,false,false,false,-,-,Jonathan Cannon,Edgar Quero (--),-,CHW,-,H,false,false,2%,false,62%,6.79,6790.0,0.45,0.46,0.04,0.01,0.01,0.001,0.08,27%,6.86,Main,0.49,16.59,0.01,4.15,2.51,60%,0.256,0.308,0.401,0.145,0.31,0.29,0.211,0.233,3.85,1.02,0.26,0.01,0.03,0.98,0.68,0.18,0.01,0.12,1.54,5462282.0,
167,36539.0,Luis Rengifo,B,LAA,TEX,2900,2B/3B,9,false,false,true,-,-,Patrick Corbin,Jonah Heim (N),Nate Tomlinson (N),LAA,-,-,true,true,5%,false,70%,6.77,2.33,0.39,0.45,0.12,0.04,0.02,0.001,0.1,19%,6.92,Main,0.55,16.38,8.51,3.74,2.06,55%,0.286,0.334,0.418,0.132,0.329,0.291,0.298,0.288,3.45,0.47,0.24,0.01,0.02,0.99,0.72,0.16,0.02,0.08,1.44,36539.0,
168,17735.0,Rob Refsnyder,R,BOS,TBR,1,--,4,false,false,false,-,-,Taj Bradley,Matt Thaiss (-),-,BOS,-,-,false,true,17%,false,48%,6.74,6740.0,0.5,0.46,0.03,0.02,0.01,0.001,0.07,26%,7.17,Main,0.29,16.33,0.01,3.89,2.72,70%,0.251,0.341,0.402,0.151,0.329,0.335,0.333,0.339,3.41,0.92,0.41,0.01,0.06,0.85,0.58,0.16,0.01,0.11,1.37,17735.0,
169,7958159.0,Brady House,R,WAS,STL,2800,3B,6,false,false,true,-,-,Miles Mikolas,Pedro Pages (+),Adrian Johnson (EH),STL,-,-,false,false,0%,false,65%,6.72,2.4,0.47,0.46,0.03,0.01,0.01,0.001,0.09,25%,6.73,Main,0.59,16.1,5.19,4.16,2.45,59%,0.265,0.296,0.402,0.137,0.303,0.288,0.283,,3.98,0.91,0.14,0.0,0.04,1.05,0.73,0.2,0.01,0.11,1.6,7958159.0,
170,7940953.0,Matt Shaw,R,CHC,MIN,3200,3B,9,true,true,true,-,-,Chris Paddack,Ryan Jeffers (-),Alan Porter (N),MIN,-,-,false,false,1%,true,63%,6.71,2.1,0.38,0.45,0.12,0.04,0.01,0.001,0.09,16%,6.78,--,0.52,16.43,24.77,3.97,2.03,51%,0.264,0.312,0.383,0.119,0.305,0.297,0.302,,3.7,0.71,0.23,0.0,0.04,0.98,0.7,0.19,0.02,0.07,1.42,7940953.0,
171,36503.0,Luis Torrens,R,NYM,BAL,2600,C,8,false,false,true,-,2,Tomoyuki Sugano,Alex Jackson (N),-,BAL,-,-,false,false,2%,true,62%,6.71,2.58,0.44,0.48,0.02,0.01,0.01,0.001,0.09,28%,6.81,--,0.51,16.08,22.58,4.06,2.23,55%,0.264,0.316,0.413,0.149,0.318,0.3,0.354,0.293,3.76,0.84,0.25,0.0,0.04,0.99,0.68,0.18,0.01,0.12,1.55,36503.0,
172,470026.0,Jeff McNeil,L,NYM,BAL,1,--,6,false,false,true,-,2,Tomoyuki Sugano,Alex Jackson (N),-,BAL,-,-,true,false,11%,false,62%,6.7,6700.0,0.43,0.45,0.02,0.01,0.01,0.001,0.09,26%,7.05,--,0.44,16.15,6.26,4.09,2.45,60%,0.261,0.315,0.412,0.151,0.317,0.303,0.34,0.279,3.77,0.41,0.24,0.02,0.07,0.98,0.66,0.19,0.02,0.11,1.55,470026.0,
173,7945147.0,Daylen Lile,L,WAS,STL,2800,OF,7,false,false,true,-,-,Miles Mikolas,Pedro Pages (+),Adrian Johnson (EH),STL,-,-,true,false,3%,false,63%,6.69,2.39,0.41,0.41,0.08,0.03,0.0,0.001,0.08,16%,6.8,Main,0.46,16.7,2.16,3.99,2.33,58%,0.27,0.31,0.41,0.14,0.312,0.303,0.343,,3.77,0.63,0.19,0.0,0.03,1.02,0.67,0.23,0.05,0.07,1.54,7945147.0,
174,14626.0,Nolan Arenado,R,STL,WAS,3700,3B,6,false,false,true,-,-,Mike Soroka,Riley Adams (--),Adrian Johnson (EH),STL,-,H,false,true,0%,false,59%,6.68,1.81,0.48,0.46,0.02,0.01,0.0,0.001,0.08,25%,6.68,Main,0.53,16.21,3.64,3.99,2.39,60%,0.267,0.322,0.405,0.138,0.318,0.305,0.285,0.285,3.68,0.47,0.26,0.01,0.04,0.98,0.7,0.16,0.01,0.11,1.49,14626.0,
175,814904.0,Ramon Urias,R,BAL,NYM,2800,3B,7,false,false,false,-,2,Justin Hagenman,Luis Torrens (N),-,BAL,-,-,false,true,0%,false,59%,6.68,2.39,0.45,0.46,0.02,0.01,0.01,0.001,0.07,33%,6.92,--,0.37,16.81,0.01,3.89,1.93,50%,0.261,0.317,0.432,0.171,0.326,0.306,0.302,0.308,3.58,0.81,0.25,0.0,0.05,0.93,0.62,0.17,0.01,0.14,1.54,814904.0,
176,6512693.0,Jacob Wilson,R,ATH,ATL,4800,SS,2,false,false,true,-,-,Spencer Strider,Sean Murphy (N),Chris Guccione (N),SAC01,-,H,false,true,3%,false,48%,6.66,1.39,0.35,0.43,0.05,0.02,0.02,0.001,0.1,11%,6.74,Main,0.88,16.02,2.23,4.27,2.86,67%,0.292,0.325,0.394,0.102,0.315,0.304,0.315,0.31,4.04,0.53,0.17,0.0,0.04,1.18,0.89,0.22,0.02,0.05,1.59,6512693.0,
177,3054562.0,Jake McCarthy,L,ARI,SDP,2700,OF,7,false,false,true,-,-,Randy Vasquez,Elias Diaz (N),Ryan Blakney (EP),SDP,-,H,true,false,12%,false,70%,6.65,2.46,0.36,0.37,0.18,0.04,0.04,0.001,0.09,14%,7.03,Main,0.47,16.56,3.32,3.89,2.25,58%,0.263,0.318,0.376,0.113,0.307,0.299,0.29,0.326,3.55,0.58,0.25,0.0,0.06,0.93,0.68,0.16,0.03,0.06,1.33,3054562.0,
178,3202406.0,Ezequiel Duran,R,TEX,LAA,1,--,8,false,false,false,-,-,Jack Kochanowicz,Logan O'Hoppe (-),Nate Tomlinson (N),LAA,-,-,false,false,0%,false,80%,6.65,6650.0,0.42,0.44,0.07,0.03,0.01,0.001,0.09,25%,6.67,Main,0.46,16.56,0.01,4.04,2.31,57%,0.255,0.3,0.397,0.142,0.304,0.299,0.235,0.248,3.78,0.87,0.19,0.0,0.06,0.96,0.67,0.17,0.02,0.11,1.5,3202406.0,
179,7255802.0,Jake Mangum,B,TBR,BOS,4200,OF,6,false,false,true,-,-,Walker Buehler,Carlos Narvaez (N),-,BOS,-,P,true,false,0%,false,49%,6.64,1.58,0.35,0.37,0.17,0.04,0.02,0.001,0.12,6%,6.64,Main,0.71,16.1,3.02,4.19,2.56,61%,0.269,0.312,0.351,0.082,0.294,0.291,0.287,,3.91,0.66,0.21,0.0,0.05,1.05,0.8,0.21,0.02,0.02,1.37,7255802.0,
180,36503.0,Luis Torrens,R,NYM,BAL,2600,C,7,true,true,true,-,1,Charlie Morton,Jacob Stallings (N),Jansen Visconti (H),BAL,-,-,false,false,2%,true,62%,6.59,2.53,0.44,0.44,0.02,0.01,0.01,0.001,0.09,25%,6.68,--,0.44,16.01,21.43,4.2,2.33,55%,0.249,0.314,0.382,0.133,0.307,0.3,0.354,0.293,3.83,1.02,0.31,0.01,0.05,0.95,0.66,0.17,0.01,0.11,1.46,36503.0,
181,3579426.0,Lenyn Sosa,R,CHW,CLE,2800,2B,6,false,false,true,-,-,Logan Allen,Bo Naylor (+),-,CHW,-,-,true,true,10%,false,59%,6.53,2.33,0.47,0.45,0.02,0.01,0.03,0.001,0.06,33%,6.77,Main,0.32,16.0,4.06,3.84,2.52,66%,0.259,0.292,0.432,0.173,0.313,0.292,0.29,0.334,3.63,0.74,0.17,0.01,0.01,0.94,0.6,0.19,0.01,0.14,1.57,3579426.0,
182,38031.0,Danny Jansen,R,TBR,BOS,1,--,9,false,false,false,-,-,Walker Buehler,Carlos Narvaez (N),-,BOS,-,H,false,false,2%,false,69%,6.52,6520.0,0.51,0.53,0.01,0.01,0.0,0.001,0.06,32%,6.59,Main,0.17,16.0,0.01,3.81,2.2,58%,0.223,0.312,0.388,0.165,0.31,0.313,0.304,0.294,3.36,0.77,0.37,0.0,0.07,0.75,0.47,0.13,0.01,0.13,1.31,38031.0,
183,814067.0,LaMonte Wade Jr.,L,LAA,TEX,1,--,8,false,false,false,-,-,Patrick Corbin,Jonah Heim (N),Nate Tomlinson (N),LAA,-,-,false,true,0%,false,73%,6.52,6520.0,0.45,0.49,0.02,0.01,0.04,0.001,0.07,30%,6.52,Main,0.22,16.32,0.01,3.94,2.17,55%,0.224,0.321,0.384,0.16,0.313,0.321,0.288,0.356,3.39,0.85,0.46,0.02,0.05,0.76,0.49,0.13,0.02,0.13,1.3,814067.0,
184,7382511.0,Kyle Teel,L,CHW,CLE,1,--,5,false,false,false,-,-,Logan Allen,Bo Naylor (+),-,CHW,-,-,false,true,2%,false,55%,6.5,6500.0,0.45,0.46,0.03,0.02,0.01,0.001,0.07,29%,6.57,Main,0.33,15.93,0.01,4.05,2.61,64%,0.235,0.309,0.375,0.14,0.303,0.303,0.332,,3.64,1.04,0.36,0.0,0.03,0.86,0.6,0.12,0.01,0.12,1.37,7382511.0,
185,4962826.0,Zack Gelof,R,ATH,ATL,3400,2B,8,false,false,true,-,-,Spencer Strider,Sean Murphy (N),Chris Guccione (N),SAC01,-,-,false,true,0%,false,100%,6.48,1.91,0.4,0.42,0.13,0.04,0.01,0.001,0.05,32%,6.48,Main,0.0,16.55,2.2,3.73,2.29,61%,0.217,0.279,0.394,0.177,0.294,0.302,,0.264,3.42,1.39,0.28,0.0,0.02,0.74,0.42,0.17,0.01,0.14,1.35,4962826.0,
186,3063544.0,Romy Gonzalez,R,BOS,TBR,1,--,7,false,false,false,-,-,Taj Bradley,Matt Thaiss (-),-,BOS,-,P,false,true,8%,false,48%,6.48,6480.0,0.46,0.43,0.07,0.03,0.02,0.001,0.09,28%,6.7,Main,0.26,16.05,0.01,3.74,2.43,65%,0.25,0.304,0.409,0.159,0.311,0.325,0.35,0.333,3.45,0.98,0.24,0.01,0.03,0.86,0.57,0.17,0.01,0.12,1.41,3063544.0,
187,2440836.0,Gavin Sheets,L,SDP,ARI,3600,OF,4,false,false,true,-,-,Eduardo Rodriguez,Jose Herrera (-),Ryan Blakney (EP),SDP,-,-,false,true,7%,false,59%,6.48,1.8,0.51,0.45,0.01,0.01,0.0,0.001,0.07,27%,6.66,Main,0.24,15.68,2.64,4.05,2.74,68%,0.235,0.301,0.382,0.147,0.299,0.314,0.34,0.307,3.69,0.89,0.32,0.01,0.03,0.87,0.56,0.18,0.01,0.11,1.41,2440836.0,
188,36796.0,Paul DeJong,R,WAS,STL,1,--,6,false,false,false,-,-,Miles Mikolas,Pedro Pages (+),Adrian Johnson (EH),STL,-,P,false,false,12%,false,53%,6.47,6470.0,0.51,0.48,0.03,0.02,0.0,0.001,0.06,36%,6.8,Main,0.18,16.28,0.01,3.96,2.45,62%,0.224,0.266,0.393,0.169,0.286,0.278,0.259,0.274,3.74,0.97,0.16,0.0,0.06,0.84,0.51,0.17,0.01,0.15,1.47,36796.0,
189,4061012.0,Ceddanne Rafaela,R,BOS,TBR,4100,OF,8,false,false,true,-,-,Taj Bradley,Matt Thaiss (-),-,BOS,-,-,false,true,0%,false,51%,6.43,1.57,0.43,0.43,0.09,0.04,0.02,0.001,0.08,24%,6.43,Main,0.28,16.28,2.62,3.74,2.31,62%,0.252,0.296,0.405,0.153,0.305,0.309,0.347,0.286,3.49,0.82,0.18,0.0,0.05,0.88,0.58,0.18,0.02,0.1,1.42,4061012.0,
190,2039492.0,Stuart Fairchild,R,ATL,ATH,1,--,7,false,false,false,-,-,JP Sears,Shea Langeliers (-),Chris Guccione (N),SAC01,-,-,true,false,44%,false,82%,6.41,6410.0,0.42,0.41,0.12,0.05,0.03,0.001,0.05,34%,7.93,Main,0.0,16.33,0.01,3.33,2.22,67%,0.242,0.309,0.444,0.202,0.328,0.3,0.292,0.279,3.0,0.83,0.24,0.0,0.07,0.72,0.41,0.16,0.02,0.13,1.33,2039492.0,
191,1452313.0,Jake Cronenworth,L,SDP,ARI,3700,1B/2B,8,false,false,true,-,-,Eduardo Rodriguez,Jose Herrera (-),Ryan Blakney (EP),SDP,-,-,false,true,0%,false,60%,6.41,1.73,0.43,0.47,0.02,0.01,0.02,0.001,0.06,28%,6.41,Main,0.15,16.09,3.15,3.76,2.33,62%,0.241,0.328,0.408,0.167,0.323,0.331,0.332,0.353,3.31,0.78,0.38,0.02,0.06,0.8,0.5,0.16,0.02,0.12,1.35,1452313.0,
192,6019564.0,Victor Scott II,L,STL,WAS,3200,OF,9,false,false,true,-,-,Mike Soroka,Riley Adams (--),Adrian Johnson (EH),STL,-,-,true,true,7%,false,54%,6.4,2.0,0.33,0.38,0.23,0.04,0.04,0.001,0.08,14%,6.62,Main,0.22,16.65,2.91,3.58,2.07,58%,0.24,0.31,0.355,0.115,0.296,0.283,0.291,0.27,3.2,0.78,0.28,0.01,0.06,0.77,0.55,0.12,0.04,0.06,1.14,6019564.0,
193,4920031.0,Dane Myers,R,MIA,CIN,2900,OF,6,false,true,true,-,-,Nick Lodolo,Jose Trevino (+),Jeremie Rehak (P),CIN,-,P,true,false,35%,true,64%,6.38,2.2,0.4,0.41,0.11,0.04,0.01,0.001,0.08,28%,7.33,--,0.28,16.06,10.93,3.61,2.64,73%,0.256,0.309,0.404,0.148,0.313,0.304,0.302,0.272,3.33,0.92,0.2,0.0,0.07,0.85,0.58,0.16,0.0,0.11,1.35,4920031.0,
194,5172434.0,Drew Millas,B,WAS,STL,1,--,7,false,false,false,-,-,Miles Mikolas,Pedro Pages (+),Adrian Johnson (EH),STL,-,-,true,false,0%,false,50%,6.37,6370.0,0.4,0.4,0.06,0.02,0.02,0.001,0.1,16%,6.37,Main,0.57,15.85,0.01,4.06,2.33,57%,0.265,0.308,0.379,0.114,0.3,0.289,,0.259,3.8,0.53,0.22,0.02,0.02,1.01,0.73,0.19,0.03,0.07,1.44,5172434.0,
195,13487.0,Donovan Solano,R,SEA,NYY,1,--,5,false,false,false,-,-,Marcus Stroman,Ben Rice (N),Nic Lentz (EH),NYY,-,-,false,false,8%,false,63%,6.34,6340.0,0.43,0.42,0.01,0.01,0.01,0.001,0.1,16%,6.58,Main,0.67,15.2,0.01,4.26,2.56,60%,0.262,0.323,0.357,0.095,0.303,0.307,0.274,0.293,3.9,0.68,0.27,0.0,0.08,1.02,0.78,0.17,0.0,0.06,1.39,13487.0,
196,8381361.0,Timothy Elko,R,CHW,CLE,2400,1B,7,false,false,true,-,-,Logan Allen,Bo Naylor (+),-,CHW,-,H,true,true,24%,false,72%,6.28,2.62,0.47,0.45,0.01,0.0,0.01,0.001,0.06,38%,6.89,Main,0.19,15.49,4.29,3.54,2.41,68%,0.256,0.302,0.444,0.188,0.323,0.284,0.216,,3.31,1.03,0.2,0.0,0.02,0.85,0.53,0.15,0.01,0.15,1.47,8381361.0,
197,38008.0,Jose Trevino,R,CIN,MIA,3200,C,7,true,false,true,-,-,Cal Quantrill,Agustin Ramirez (-),Jeremie Rehak (P),CIN,-,-,false,true,9%,false,57%,6.27,1.96,0.47,0.45,0.01,0.01,0.02,0.001,0.09,29%,6.53,--,0.42,15.31,17.22,3.79,2.14,56%,0.26,0.305,0.403,0.143,0.31,0.28,0.291,0.261,3.52,0.47,0.21,0.0,0.03,0.91,0.65,0.15,0.0,0.12,1.42,38008.0,
198,7659410.0,Heriberto Hernandez,R,MIA,CIN,2800,OF,3,false,true,true,-,-,Nick Lodolo,Jose Trevino (+),Jeremie Rehak (P),CIN,-,-,true,false,63%,false,45%,6.27,2.24,0.49,0.46,0.04,0.0,0.02,0.001,0.06,38%,8.07,--,0.01,16.0,13.19,3.46,2.9,84%,0.235,0.304,0.424,0.189,0.317,0.301,0.368,,3.13,1.11,0.27,0.01,0.05,0.74,0.43,0.16,0.01,0.14,1.33,7659410.0,
199,6855804.0,Gustavo Campero,B,LAA,TEX,1,--,8,false,false,false,-,-,Patrick Corbin,Jonah Heim (N),Nate Tomlinson (N),LAA,-,-,true,true,40%,false,88%,6.26,6260.0,0.37,0.41,0.12,0.03,0.03,0.001,0.08,24%,7.54,Main,0.24,15.88,0.01,3.23,2.17,67%,0.284,0.339,0.448,0.164,0.341,0.302,0.286,0.243,2.94,0.45,0.22,0.02,0.04,0.83,0.56,0.16,0.02,0.09,1.32,6855804.0,
200,4504237.0,Masataka Yoshida,L,BOS,TBR,3000,OF,6,false,false,true,-,-,Taj Bradley,Matt Thaiss (-),-,BOS,-,P,true,true,2%,false,0%,6.25,2.08,0.4,0.42,0.01,0.01,0.01,0.001,0.1,22%,6.3,Main,0.38,15.42,3.0,3.92,2.54,65%,0.261,0.333,0.393,0.132,0.319,0.325,,0.333,3.52,0.53,0.33,0.02,0.06,0.92,0.63,0.19,0.01,0.09,1.39,4504237.0,
201,15269.0,Kyle Higashioka,R,TEX,LAA,2700,C,9,false,false,true,-,-,Jack Kochanowicz,Logan O'Hoppe (-),Nate Tomlinson (N),LAA,-,H,false,false,2%,false,64%,6.25,2.31,0.44,0.47,0.01,0.01,0.01,0.001,0.07,35%,6.32,Main,0.23,15.18,5.39,3.87,2.18,56%,0.234,0.282,0.397,0.163,0.296,0.287,0.283,0.298,3.61,0.84,0.22,0.0,0.03,0.84,0.54,0.15,0.0,0.14,1.43,15269.0,
202,2039348.0,Alek Thomas,L,ARI,SDP,2900,OF,8,false,false,true,-,-,Randy Vasquez,Elias Diaz (N),Ryan Blakney (EP),SDP,-,H,true,false,12%,true,66%,6.24,2.15,0.4,0.42,0.07,0.02,0.02,0.001,0.09,23%,6.6,Main,0.28,15.69,1.61,3.79,2.14,56%,0.251,0.301,0.395,0.144,0.304,0.295,0.278,0.311,3.51,0.75,0.23,0.01,0.03,0.88,0.58,0.19,0.02,0.09,1.38,2039348.0,
203,14700.0,James McCann,R,ARI,SDP,1,--,8,false,false,false,-,-,Randy Vasquez,Elias Diaz (N),Ryan Blakney (EP),SDP,-,-,false,false,2%,false,43%,6.23,6230.0,0.46,0.45,0.02,0.01,0.02,0.001,0.07,31%,6.29,Main,0.28,15.24,0.01,3.99,2.14,54%,0.232,0.282,0.376,0.144,0.289,0.292,0.372,0.32,3.7,1.0,0.22,0.0,0.05,0.86,0.58,0.15,0.0,0.12,1.39,14700.0,
204,4061893.0,Luisangel Acuna,R,NYM,BAL,1,--,9,false,false,false,-,2,Tomoyuki Sugano,Alex Jackson (N),-,BAL,-,H,false,false,6%,false,59%,6.22,6220.0,0.31,0.37,0.17,0.05,0.03,0.001,0.11,12%,6.4,--,0.67,15.38,0.01,3.88,2.11,54%,0.268,0.295,0.357,0.089,0.287,0.28,0.249,0.351,3.69,0.69,0.14,0.0,0.02,0.99,0.78,0.15,0.01,0.05,1.32,4061893.0,
205,7934691.0,Cole Young,L,SEA,NYY,2300,2B,9,false,false,true,-,-,Marcus Stroman,Ben Rice (N),Nic Lentz (EH),NYY,-,-,true,false,11%,true,65%,6.21,2.7,0.36,0.43,0.07,0.02,0.01,0.001,0.09,18%,6.56,Main,0.32,15.63,4.21,3.77,2.13,56%,0.256,0.332,0.381,0.125,0.316,0.302,0.273,,3.37,0.5,0.34,0.01,0.05,0.86,0.6,0.18,0.02,0.07,1.29,7934691.0,
206,5593028.0,Carlos Narvaez,R,BOS,TBR,3700,C,5,false,false,true,-,-,Taj Bradley,Matt Thaiss (-),-,BOS,-,-,false,true,6%,false,45%,6.21,1.68,0.45,0.44,0.01,0.01,0.01,0.001,0.07,27%,6.36,Main,0.16,15.21,7.97,3.95,2.63,67%,0.226,0.312,0.367,0.141,0.301,0.302,0.305,,3.5,1.02,0.39,0.01,0.04,0.79,0.52,0.15,0.0,0.11,1.28,5593028.0,
207,7969835.0,Alejandro Osuna,L,TEX,LAA,1,--,7,false,false,false,-,-,Jack Kochanowicz,Logan O'Hoppe (-),Nate Tomlinson (N),LAA,-,-,true,false,29%,false,70%,6.18,6180.0,0.38,0.39,0.07,0.03,0.02,0.001,0.08,25%,7.04,Main,0.22,15.71,0.01,3.64,2.42,66%,0.255,0.32,0.406,0.151,0.318,0.3,0.341,,3.29,0.65,0.28,0.01,0.05,0.84,0.55,0.17,0.02,0.09,1.34,7969835.0,
208,4578833.0,Jose Fermin,R,STL,WAS,1,--,7,false,false,false,-,-,Mike Soroka,Riley Adams (--),Adrian Johnson (EH),STL,-,-,false,true,4%,false,50%,6.15,6150.0,0.33,0.35,0.14,0.04,0.04,0.001,0.1,10%,6.26,Main,0.44,15.45,0.01,3.85,2.29,59%,0.256,0.332,0.345,0.089,0.305,0.306,0.343,0.25,3.4,0.42,0.32,0.01,0.08,0.87,0.66,0.16,0.01,0.04,1.17,4578833.0,
209,6827632.0,Thomas Saggese,R,STL,WAS,1,--,6,false,false,false,-,-,Mike Soroka,Riley Adams (--),Adrian Johnson (EH),STL,-,-,false,true,0%,false,71%,6.13,6130.0,0.4,0.39,0.06,0.02,0.01,0.001,0.08,17%,6.15,Main,0.44,15.56,0.01,3.98,2.39,60%,0.252,0.302,0.367,0.115,0.295,0.296,0.245,0.231,3.69,0.93,0.21,0.01,0.06,0.93,0.66,0.18,0.02,0.07,1.36,6827632.0,
210,6575828.0,Coby Mayo,R,BAL,NYM,2600,1B,8,true,true,true,-,1,David Peterson,Luis Torrens (N),Jansen Visconti (H),BAL,-,H,true,true,32%,false,67%,6.1,2.35,0.42,0.43,0.02,0.01,0.0,0.001,0.06,31%,6.87,--,0.15,15.66,16.32,3.38,2.44,72%,0.266,0.334,0.448,0.182,0.339,0.301,0.287,0.213,3.06,0.83,0.27,0.01,0.04,0.81,0.51,0.17,0.02,0.12,1.37,6575828.0,
211,814065.0,Luis Arraez,L,SDP,ARI,4000,1B,2,false,false,true,-,-,Eduardo Rodriguez,Jose Herrera (-),Ryan Blakney (EP),SDP,-,-,false,true,7%,false,59%,6.07,1.52,0.32,0.41,0.02,0.02,0.03,0.001,0.1,2%,6.23,Main,0.96,14.34,2.2,4.25,2.91,68%,0.289,0.331,0.354,0.065,0.302,0.31,0.298,0.323,3.96,0.22,0.23,0.03,0.03,1.15,0.93,0.19,0.02,0.01,1.4,814065.0,
212,3202059.0,Jhonkensy Noel,R,CLE,CHW,2200,OF,8,false,false,true,-,-,Jonathan Cannon,Edgar Quero (--),-,CHW,-,-,false,false,29%,false,88%,6.04,2.75,0.46,0.46,0.02,0.01,0.0,0.001,0.06,41%,6.87,Main,0.04,15.26,2.68,3.49,2.28,65%,0.233,0.282,0.423,0.19,0.305,0.288,0.216,0.292,3.26,0.82,0.17,0.0,0.05,0.76,0.45,0.15,0.0,0.15,1.38,3202059.0,
213,36186.0,Miguel Andujar,R,ATH,ATL,1,--,6,false,false,false,-,-,Spencer Strider,Sean Murphy (N),Chris Guccione (N),SAC01,-,-,false,true,11%,false,58%,6.03,6030.0,0.37,0.37,0.04,0.01,0.0,0.001,0.08,26%,6.3,Main,0.4,15.24,0.01,3.78,2.52,67%,0.261,0.298,0.405,0.144,0.306,0.302,0.299,0.27,3.59,0.67,0.17,0.0,0.02,0.94,0.64,0.19,0.01,0.1,1.45,36186.0,
214,7898295.0,Tristin English,R,ARI,SDP,1,--,7,false,false,false,-,-,Randy Vasquez,Elias Diaz (N),Ryan Blakney (EP),SDP,-,-,false,false,2%,false,100%,5.98,5980.0,0.44,0.41,0.02,0.01,0.01,0.001,0.08,27%,6.05,Main,0.32,15.13,0.01,4.08,2.25,55%,0.228,0.275,0.357,0.129,0.277,0.278,,,3.82,0.88,0.19,0.0,0.06,0.87,0.6,0.16,0.01,0.1,1.36,7898295.0,
215,172848.0,Abraham Toro,B,BOS,TBR,3100,1B/3B,7,false,false,true,-,-,Taj Bradley,Matt Thaiss (-),-,BOS,-,-,true,true,2%,false,45%,5.96,1.92,0.39,0.39,0.02,0.01,0.01,0.001,0.08,23%,6.02,Main,0.24,15.23,3.63,3.82,2.43,64%,0.243,0.31,0.38,0.137,0.304,0.302,0.302,0.288,3.46,0.66,0.3,0.01,0.05,0.84,0.56,0.18,0.02,0.09,1.32,172848.0,
216,4060902.0,Blaze Alexander,R,ARI,SDP,1,--,9,false,false,false,-,-,Randy Vasquez,Elias Diaz (N),Ryan Blakney (EP),SDP,-,H,false,false,1%,false,75%,5.94,5940.0,0.37,0.42,0.06,0.03,0.02,0.001,0.07,23%,5.99,Main,0.26,15.36,0.01,3.89,2.03,52%,0.229,0.292,0.35,0.121,0.286,0.284,0.28,0.24,3.55,1.13,0.25,0.0,0.07,0.81,0.57,0.14,0.01,0.09,1.24,4060902.0,
217,2039288.0,Riley Adams,R,WAS,STL,2200,C,8,false,false,true,-,-,Miles Mikolas,Pedro Pages (+),Adrian Johnson (EH),STL,-,-,false,false,18%,false,73%,5.94,2.7,0.43,0.45,0.01,0.01,0.01,0.001,0.07,32%,6.42,Main,0.15,15.22,4.35,3.64,2.22,61%,0.238,0.289,0.399,0.161,0.3,0.284,0.22,0.289,3.38,0.95,0.17,0.0,0.07,0.81,0.51,0.17,0.01,0.12,1.35,2039288.0,
218,11431.0,Paul Goldschmidt,R,NYY,SEA,3900,1B,6,false,false,true,-,-,Bryan Woo,Cal Raleigh (++),Nic Lentz (EH),NYY,-,-,false,true,0%,false,51%,5.93,1.52,0.39,0.39,0.03,0.02,0.0,0.001,0.07,34%,5.93,Main,0.22,15.08,2.75,3.89,2.49,64%,0.229,0.275,0.38,0.151,0.285,0.33,0.328,0.324,3.65,0.96,0.21,0.01,0.02,0.84,0.55,0.15,0.01,0.13,1.39,11431.0,
219,3202061.0,Brayan Rocchio,B,CLE,CHW,2400,SS,9,false,false,true,-,-,Jonathan Cannon,Edgar Quero (--),-,CHW,-,-,true,false,9%,false,72%,5.86,2.44,0.33,0.38,0.12,0.04,0.02,0.001,0.07,18%,6.09,Main,0.26,15.35,3.04,3.71,2.16,58%,0.237,0.298,0.349,0.112,0.288,0.279,0.297,0.265,3.39,0.56,0.26,0.0,0.04,0.8,0.57,0.15,0.01,0.07,1.18,3202061.0,
220,8036319.0,Max Muncy,R,ATH,ATL,3300,3B,7,false,false,true,-,-,Spencer Strider,Sean Murphy (N),Chris Guccione (N),SAC01,-,-,false,true,2%,false,58%,5.8,1.76,0.39,0.38,0.05,0.02,0.02,0.001,0.05,32%,5.85,Main,0.05,15.06,2.27,3.81,2.4,63%,0.216,0.265,0.373,0.157,0.278,0.287,0.283,,3.55,1.39,0.2,0.0,0.04,0.77,0.46,0.17,0.01,0.12,1.32,8036319.0,
221,1147859.0,Matt Thaiss,L,TBR,BOS,3300,C,9,false,false,true,-,-,Walker Buehler,Carlos Narvaez (N),-,BOS,-,-,true,false,13%,false,60%,5.79,1.75,0.37,0.44,0.03,0.01,0.01,0.001,0.07,22%,6.15,Main,0.11,14.68,2.66,3.62,2.2,61%,0.223,0.334,0.352,0.129,0.31,0.296,0.294,0.277,3.09,0.82,0.48,0.01,0.04,0.69,0.46,0.15,0.0,0.08,1.09,1147859.0,
222,11510.0,Michael A. Taylor,R,CHW,CLE,2600,OF,9,false,false,true,-,-,Logan Allen,Bo Naylor (+),-,CHW,-,-,true,true,42%,false,62%,5.79,2.23,0.4,0.43,0.06,0.03,0.03,0.001,0.04,41%,6.91,Main,0.0,15.19,2.22,3.05,2.18,71%,0.234,0.302,0.447,0.213,0.325,0.289,0.3,0.271,2.74,0.87,0.27,0.0,0.01,0.64,0.36,0.12,0.01,0.15,1.22,11510.0,
223,6575828.0,Coby Mayo,R,BAL,NYM,2600,1B,7,false,false,false,-,2,Justin Hagenman,Luis Torrens (N),-,BAL,-,P,false,true,11%,false,67%,5.77,2.22,0.41,0.4,0.02,0.01,0.0,0.001,0.04,40%,6.92,--,0.0,14.81,0.01,3.35,1.93,58%,0.233,0.29,0.431,0.198,0.311,0.301,0.287,0.213,3.1,0.95,0.21,0.01,0.04,0.72,0.4,0.16,0.01,0.14,1.34,6575828.0,
224,7255018.0,Colson Montgomery,L,CHW,CLE,3200,SS,8,false,false,true,-,-,Logan Allen,Bo Naylor (+),-,CHW,-,-,false,true,1%,false,67%,5.74,1.79,0.4,0.42,0.03,0.01,0.01,0.001,0.06,33%,5.78,Main,0.07,14.97,2.42,3.76,2.29,61%,0.21,0.279,0.357,0.147,0.28,0.273,0.363,,3.42,1.08,0.26,0.01,0.07,0.72,0.47,0.11,0.01,0.12,1.22,7255018.0,
225,,David Banuelos,R,BAL,NYM,1,--,7,false,false,false,-,2,Justin Hagenman,Luis Torrens (N),-,BAL,-,-,false,true,4%,false,50%,5.72,5720.0,0.41,0.4,0.02,0.01,0.02,0.001,0.05,38%,6.19,--,0.01,0.01,0.01,3.72,1.93,52%,0.213,0.267,0.378,0.165,0.283,0.264,,,3.44,1.22,0.22,0.0,0.04,0.73,0.45,0.14,0.01,0.14,1.3,,
226,889030.0,Michael Helman,R,TEX,LAA,1,--,9,false,false,false,-,-,Jack Kochanowicz,Logan O'Hoppe (-),Nate Tomlinson (N),LAA,-,-,false,false,4%,false,50%,5.65,5650.0,0.34,0.38,0.09,0.02,0.01,0.001,0.08,23%,5.75,Main,0.18,14.74,0.01,3.85,2.18,57%,0.216,0.269,0.334,0.118,0.266,0.263,,0.105,3.59,0.83,0.22,0.01,0.04,0.78,0.53,0.15,0.01,0.08,1.2,889030.0,
227,1452041.0,Derek Hill,R,MIA,CIN,3100,OF,8,false,true,true,-,-,Nick Lodolo,Jose Trevino (+),Jeremie Rehak (P),CIN,-,P,true,false,32%,false,52%,5.64,1.82,0.36,0.37,0.11,0.04,0.04,0.001,0.07,27%,6.47,--,0.15,14.96,10.3,3.43,2.4,70%,0.234,0.28,0.369,0.135,0.286,0.284,0.284,0.31,3.17,1.06,0.18,0.0,0.04,0.74,0.51,0.13,0.01,0.09,1.17,1452041.0,
228,5161400.0,Jacob Young,R,WAS,STL,2400,OF,9,false,false,true,-,-,Miles Mikolas,Pedro Pages (+),Adrian Johnson (EH),STL,-,H,false,false,11%,false,70%,5.64,2.35,0.26,0.33,0.17,0.05,0.07,0.001,0.1,4%,5.94,Main,0.61,14.33,1.45,3.64,2.1,58%,0.271,0.305,0.337,0.066,0.287,0.28,0.285,0.297,3.38,0.5,0.15,0.0,0.05,0.92,0.75,0.12,0.03,0.01,1.14,5161400.0,
229,3030601.0,Yohel Pozo,R,STL,WAS,1,--,6,false,false,false,-,-,Mike Soroka,Riley Adams (--),Adrian Johnson (EH),STL,-,-,false,true,0%,false,65%,5.57,5570.0,0.39,0.37,0.01,0.0,0.01,0.001,0.1,18%,5.59,Main,0.53,14.03,0.01,3.98,2.39,60%,0.252,0.279,0.353,0.101,0.276,0.281,0.286,,3.83,0.43,0.11,0.01,0.03,0.97,0.71,0.18,0.0,0.07,1.35,3030601.0,
230,4061013.0,David Hamilton,L,BOS,TBR,1,--,9,false,false,false,-,-,Taj Bradley,Matt Thaiss (-),-,BOS,-,-,true,true,25%,false,63%,5.56,5560.0,0.29,0.34,0.18,0.06,0.02,0.001,0.06,18%,6.22,Main,0.0,15.09,0.01,3.27,2.2,67%,0.222,0.291,0.35,0.128,0.284,0.279,0.252,0.314,2.96,0.81,0.27,0.0,0.02,0.66,0.43,0.13,0.03,0.06,1.03,4061013.0,
231,6089621.0,Max Schuemann,R,ATH,ATL,1,--,9,false,false,false,-,-,Spencer Strider,Sean Murphy (N),Chris Guccione (N),SAC01,-,-,false,true,8%,false,63%,5.52,5520.0,0.3,0.35,0.1,0.04,0.03,0.001,0.05,24%,5.71,Main,0.03,14.89,0.01,3.5,2.18,62%,0.22,0.296,0.356,0.136,0.291,0.298,0.28,0.299,3.12,1.02,0.29,0.0,0.06,0.69,0.45,0.14,0.01,0.09,1.11,6089621.0,
232,5756453.0,Liam Hicks,L,MIA,CIN,1,--,7,false,true,false,-,-,Nick Lodolo,Jose Trevino (+),Jeremie Rehak (P),CIN,-,-,false,false,1%,false,56%,5.51,5510.0,0.3,0.35,0.01,0.01,0.02,0.001,0.09,10%,5.55,--,0.49,13.84,0.01,4.0,2.52,63%,0.252,0.331,0.331,0.079,0.3,0.3,0.324,,3.55,0.68,0.3,0.0,0.13,0.89,0.69,0.16,0.01,0.03,1.17,5756453.0,
233,2038622.0,Connor Wong,R,BOS,TBR,1,--,9,false,false,false,-,-,Taj Bradley,Matt Thaiss (-),-,BOS,-,-,false,true,9%,false,88%,5.44,5440.0,0.35,0.38,0.04,0.02,0.02,0.001,0.07,23%,5.66,Main,0.15,14.05,0.01,3.49,2.2,63%,0.235,0.296,0.367,0.132,0.293,0.296,0.247,0.309,3.18,0.85,0.24,0.0,0.05,0.75,0.51,0.14,0.01,0.08,1.17,2038622.0,
234,2039181.0,Miles Mastrobuoni,L,SEA,NYY,1,--,8,false,false,false,-,-,Marcus Stroman,Ben Rice (N),Nic Lentz (EH),NYY,-,-,true,false,36%,false,62%,5.42,5420.0,0.26,0.31,0.14,0.04,0.02,0.001,0.09,7%,6.43,Main,0.3,13.99,0.01,3.44,2.25,65%,0.252,0.327,0.332,0.08,0.297,0.283,0.325,0.268,3.06,0.48,0.34,0.01,0.01,0.77,0.59,0.14,0.02,0.02,1.02,2039181.0,
235,36252.0,Alex Jackson,R,BAL,NYM,1,--,9,false,false,true,-,2,Justin Hagenman,Luis Torrens (N),-,BAL,-,-,false,true,33%,false,50%,5.38,5380.0,0.39,0.41,0.01,0.01,0.01,0.001,0.04,46%,6.52,--,0.0,14.1,13.94,3.16,1.75,55%,0.22,0.275,0.423,0.203,0.301,0.278,,0.214,2.92,0.95,0.18,0.01,0.04,0.64,0.36,0.12,0.0,0.15,1.24,36252.0,
236,4530520.0,Anthony Volpe,R,NYY,SEA,4000,SS,8,false,false,true,-,-,Bryan Woo,Cal Raleigh (++),Nic Lentz (EH),NYY,-,-,false,true,3%,true,52%,5.33,1.33,0.31,0.33,0.09,0.04,0.01,0.001,0.07,25%,5.39,Main,0.11,14.67,2.2,3.64,2.26,62%,0.214,0.261,0.342,0.128,0.265,0.306,0.29,0.291,3.41,0.93,0.18,0.0,0.04,0.73,0.49,0.14,0.02,0.09,1.17,4530520.0,
237,1220539.0,Josh Rojas,L,CHW,CLE,1,--,9,false,false,false,-,-,Logan Allen,Bo Naylor (+),-,CHW,-,-,false,true,11%,false,69%,5.32,5320.0,0.32,0.37,0.06,0.02,0.03,0.001,0.06,24%,5.59,Main,0.15,13.99,0.01,3.51,2.18,62%,0.223,0.295,0.343,0.12,0.284,0.289,0.259,0.3,3.15,0.78,0.32,0.01,0.02,0.7,0.51,0.1,0.01,0.08,1.08,1220539.0,
238,2040063.0,Pedro Pages,R,STL,WAS,3200,C,8,false,false,true,-,-,Mike Soroka,Riley Adams (--),Adrian Johnson (EH),STL,-,-,false,true,9%,true,66%,5.28,1.65,0.37,0.38,0.01,0.01,0.02,0.001,0.08,23%,5.5,Main,0.22,13.52,2.65,3.66,2.18,60%,0.228,0.287,0.341,0.113,0.279,0.283,0.253,0.255,3.36,0.87,0.24,0.0,0.04,0.77,0.55,0.13,0.0,0.08,1.15,2040063.0,
239,8567426.0,Marcelo Mayer,L,BOS,TBR,3000,2B/3B,9,false,false,true,-,-,Taj Bradley,Matt Thaiss (-),-,BOS,-,-,true,true,21%,false,63%,5.27,1.76,0.33,0.37,0.03,0.01,0.0,0.001,0.07,23%,5.75,Main,0.05,14.03,2.95,3.33,2.2,66%,0.24,0.306,0.383,0.143,0.301,0.297,0.281,,3.03,0.8,0.27,0.02,0.02,0.73,0.46,0.17,0.01,0.08,1.16,8567426.0,
240,7587991.0,Denzel Clarke,R,ATH,ATL,2700,OF,9,false,false,true,-,-,Spencer Strider,Sean Murphy (N),Chris Guccione (N),SAC01,-,H,false,true,16%,false,62%,5.24,1.94,0.3,0.33,0.1,0.03,0.01,0.001,0.05,26%,5.63,Main,0.0,14.56,0.89,3.38,2.18,64%,0.214,0.268,0.357,0.143,0.275,0.284,0.243,,3.13,1.37,0.19,0.0,0.04,0.67,0.42,0.15,0.02,0.09,1.12,7587991.0,
241,16022.0,Gio Urshela,R,ATH,ATL,1,--,7,false,false,false,-,-,Spencer Strider,Sean Murphy (N),Chris Guccione (N),SAC01,-,-,false,true,11%,false,66%,5.21,5210.0,0.32,0.32,0.01,0.01,0.01,0.001,0.07,21%,5.45,Main,0.36,13.64,0.01,3.68,2.4,65%,0.25,0.293,0.364,0.114,0.288,0.29,0.291,0.292,3.46,0.82,0.2,0.01,0.01,0.87,0.62,0.17,0.01,0.07,1.26,16022.0,
242,7170065.0,J.C. Escarra,L,NYY,SEA,1,--,7,false,false,false,-,-,Bryan Woo,Cal Raleigh (++),Nic Lentz (EH),NYY,-,-,true,true,19%,false,73%,5.17,5170.0,0.33,0.34,0.02,0.01,0.01,0.001,0.06,32%,5.58,Main,0.0,14.15,0.01,3.52,2.38,68%,0.216,0.284,0.365,0.149,0.285,0.287,0.335,,3.2,0.6,0.27,0.01,0.04,0.69,0.43,0.14,0.01,0.11,1.17,7170065.0,
243,15943.0,Austin Hedges,R,CLE,CHW,1,--,8,false,false,false,-,-,Jonathan Cannon,Edgar Quero (--),-,CHW,-,-,false,false,16%,false,70%,5.16,5160.0,0.37,0.38,0.04,0.02,0.08,0.001,0.06,33%,5.54,Main,0.0,13.75,0.01,3.7,2.28,62%,0.192,0.247,0.32,0.128,0.254,0.244,0.205,0.152,3.35,0.92,0.23,0.0,0.04,0.64,0.43,0.1,0.0,0.11,1.07,15943.0,
244,6806890.0,Javier Sanoja,R,MIA,CIN,2500,3B/OF,9,false,true,true,-,-,Nick Lodolo,Jose Trevino (+),Jeremie Rehak (P),CIN,-,P,true,false,40%,false,69%,5.15,2.06,0.28,0.33,0.1,0.03,0.02,0.001,0.09,16%,6.16,--,0.3,13.8,7.86,3.18,2.27,71%,0.269,0.304,0.374,0.105,0.298,0.302,0.298,0.252,2.99,0.35,0.15,0.01,0.01,0.8,0.59,0.16,0.0,0.05,1.12,6806890.0,
245,2107476.0,Will Wilson,R,CLE,CHW,1,--,7,false,false,false,-,-,Jonathan Cannon,Edgar Quero (--),-,CHW,-,-,false,false,37%,false,72%,5.12,5120.0,0.35,0.34,0.04,0.02,0.03,0.001,0.06,29%,6.03,Main,0.11,13.88,0.01,3.45,2.39,69%,0.226,0.273,0.357,0.131,0.277,0.264,0.215,,3.2,0.78,0.2,0.0,0.02,0.72,0.49,0.14,0.01,0.09,1.14,2107476.0,
246,3091740.0,Nick Fortes,R,MIA,CIN,1,--,9,false,true,false,-,-,Nick Lodolo,Jose Trevino (+),Jeremie Rehak (P),CIN,-,-,true,false,33%,false,55%,5.08,5080.0,0.34,0.37,0.03,0.01,0.04,0.001,0.08,28%,5.88,--,0.11,13.91,0.01,3.27,2.27,69%,0.24,0.291,0.375,0.135,0.295,0.273,0.304,0.236,2.99,0.49,0.16,0.0,0.08,0.72,0.49,0.14,0.0,0.09,1.12,3091740.0,
247,5478158.0,Luis Vazquez,R,BAL,NYM,2000,SS,7,true,true,true,-,1,David Peterson,Luis Torrens (N),Jansen Visconti (H),BAL,-,P,true,true,29%,false,100%,5.06,2.53,0.33,0.32,0.03,0.01,0.05,0.001,0.09,21%,5.66,--,0.28,13.43,9.05,3.54,2.56,72%,0.241,0.29,0.347,0.106,0.283,0.269,0.339,,3.24,0.81,0.21,0.01,0.03,0.78,0.58,0.14,0.0,0.07,1.12,5478158.0,
248,2039856.0,Luke Williams,R,ATL,ATH,1,--,9,false,false,false,-,-,JP Sears,Shea Langeliers (-),Chris Guccione (N),SAC01,-,-,true,false,50%,false,100%,5.05,5050.0,0.29,0.31,0.13,0.05,0.01,0.001,0.04,25%,6.58,Main,0.0,14.2,0.01,3.0,2.01,67%,0.224,0.273,0.37,0.146,0.281,0.261,0.218,0.221,2.8,0.79,0.17,0.0,0.02,0.63,0.38,0.16,0.01,0.08,1.04,2039856.0,
249,37988.0,Austin Wynns,R,ATH,ATL,1,--,6,false,false,false,-,-,Spencer Strider,Sean Murphy (N),Chris Guccione (N),SAC01,-,-,false,true,22%,false,50%,5.05,5050.0,0.34,0.34,0.01,0.01,0.02,0.001,0.05,34%,5.5,Main,0.03,13.52,0.01,3.63,2.52,69%,0.208,0.257,0.346,0.138,0.265,0.273,0.309,0.317,3.37,1.18,0.21,0.0,0.03,0.7,0.45,0.14,0.0,0.11,1.17,37988.0,
250,5478158.0,Luis Vazquez,R,BAL,NYM,2000,SS,9,false,false,false,-,2,Justin Hagenman,Luis Torrens (N),-,BAL,-,H,false,true,4%,false,100%,4.97,2.49,0.31,0.35,0.03,0.02,0.04,0.001,0.07,30%,5.9,--,0.15,13.34,0.01,3.23,1.75,54%,0.246,0.28,0.384,0.138,0.291,0.269,0.339,,3.02,0.79,0.13,0.01,0.03,0.74,0.51,0.13,0.01,0.09,1.16,5478158.0,
251,4946773.0,Benjamin Williamson,R,SEA,NYY,2500,3B,8,false,false,true,-,-,Marcus Stroman,Ben Rice (N),Nic Lentz (EH),NYY,-,P,false,false,19%,false,64%,4.97,1.99,0.28,0.31,0.07,0.02,0.02,0.001,0.11,9%,5.45,Main,0.42,13.39,2.54,3.74,2.25,60%,0.237,0.281,0.305,0.068,0.262,0.278,0.257,,3.5,0.78,0.19,0.0,0.04,0.83,0.65,0.14,0.01,0.03,1.07,4946773.0,
252,22662.0,Elias Diaz,R,SDP,ARI,2700,C,9,false,false,true,-,-,Eduardo Rodriguez,Jose Herrera (-),Ryan Blakney (EP),SDP,-,-,true,true,24%,false,68%,4.93,1.83,0.36,0.38,0.0,0.0,0.01,0.001,0.06,34%,5.46,Main,0.0,13.18,2.81,3.28,2.21,67%,0.217,0.272,0.362,0.145,0.278,0.285,0.247,0.267,3.04,0.79,0.22,0.0,0.01,0.66,0.43,0.12,0.0,0.11,1.1,22662.0,
253,11198.0,Jose Iglesias,R,SDP,ARI,2600,2B/3B,7,false,false,true,-,-,Eduardo Rodriguez,Jose Herrera (-),Ryan Blakney (EP),SDP,-,H,true,true,8%,true,60%,4.92,1.89,0.28,0.29,0.02,0.01,0.02,0.001,0.09,7%,5.07,Main,0.47,12.65,2.51,3.75,2.44,65%,0.252,0.288,0.332,0.08,0.274,0.281,0.26,0.326,3.55,0.65,0.14,0.0,0.04,0.89,0.68,0.17,0.02,0.02,1.18,11198.0,
254,2039073.0,Nick Allen,R,ATL,ATH,2500,SS,9,false,false,true,-,-,JP Sears,Shea Langeliers (-),Chris Guccione (N),SAC01,-,H,true,false,35%,false,63%,4.88,1.95,0.25,0.3,0.09,0.04,0.06,0.001,0.07,12%,5.81,Main,0.22,13.39,2.63,3.32,2.01,61%,0.248,0.292,0.344,0.096,0.283,0.264,0.248,0.232,3.05,0.55,0.2,0.0,0.02,0.75,0.55,0.16,0.01,0.04,1.05,2039073.0,
255,3673010.0,Bryce Johnson,B,SDP,ARI,1,--,8,false,false,false,-,-,Eduardo Rodriguez,Jose Herrera (-),Ryan Blakney (EP),SDP,-,H,true,true,24%,false,67%,4.79,4790.0,0.27,0.3,0.09,0.02,0.07,0.001,0.06,16%,5.24,Main,0.11,13.35,0.01,3.42,2.33,68%,0.216,0.275,0.309,0.093,0.264,0.267,0.322,0.296,3.07,0.95,0.25,0.0,0.02,0.66,0.49,0.11,0.01,0.05,0.95,3673010.0,
256,35169.0,Jacob Stallings,R,BAL,NYM,2300,C,9,true,true,true,-,1,David Peterson,Luis Torrens (N),Jansen Visconti (H),BAL,-,-,true,true,24%,false,80%,4.79,2.08,0.29,0.34,0.0,0.0,0.03,0.001,0.07,20%,5.26,--,0.15,12.83,6.95,3.37,2.32,69%,0.236,0.316,0.338,0.102,0.295,0.27,0.227,0.302,2.98,0.78,0.32,0.01,0.05,0.7,0.51,0.13,0.0,0.06,1.01,35169.0,
257,8037753.0,Hayden Senger,R,NYM,BAL,1,--,9,false,false,false,-,2,Tomoyuki Sugano,Alex Jackson (N),-,BAL,-,-,false,false,38%,false,71%,4.75,4750.0,0.29,0.33,0.02,0.01,0.02,0.001,0.06,24%,5.72,--,0.15,13.02,0.01,3.28,2.11,64%,0.239,0.284,0.36,0.121,0.284,0.263,0.243,,3.06,0.77,0.14,0.0,0.06,0.73,0.51,0.15,0.01,0.07,1.1,8037753.0,
258,35169.0,Jacob Stallings,R,BAL,NYM,2300,C,9,false,false,false,-,2,Justin Hagenman,Luis Torrens (N),-,BAL,-,-,false,true,19%,false,80%,4.73,2.06,0.3,0.34,0.0,0.0,0.02,0.001,0.05,29%,5.45,--,0.07,12.85,0.01,3.33,1.75,53%,0.223,0.286,0.348,0.125,0.282,0.27,0.227,0.302,3.03,0.88,0.24,0.01,0.04,0.67,0.47,0.12,0.0,0.09,1.05,35169.0,
259,6279533.0,Trenton Brooks,L,SDP,ARI,1,--,8,false,false,false,-,-,Eduardo Rodriguez,Jose Herrera (-),Ryan Blakney (EP),SDP,-,-,false,true,36%,false,78%,4.67,4670.0,0.31,0.33,0.01,0.01,0.02,0.001,0.05,25%,5.43,Main,0.0,12.97,0.01,3.24,2.33,72%,0.219,0.285,0.348,0.129,0.28,0.291,0.26,0.22,2.93,0.72,0.26,0.01,0.02,0.64,0.42,0.14,0.01,0.07,1.02,6279533.0,
260,37228.0,Tyler Wade,L,SDP,ARI,1,--,8,false,false,false,-,-,Eduardo Rodriguez,Jose Herrera (-),Ryan Blakney (EP),SDP,-,H,false,true,0%,false,77%,4.65,4650.0,0.23,0.27,0.11,0.04,0.11,0.001,0.08,4%,4.66,Main,0.26,12.97,0.01,3.75,2.33,62%,0.211,0.271,0.264,0.053,0.247,0.256,0.268,0.287,3.33,0.98,0.28,0.01,0.03,0.7,0.57,0.11,0.02,0.01,0.88,37228.0,
261,498052.0,Kevin Newman,R,LAA,TEX,1,--,9,false,false,false,-,-,Patrick Corbin,Jonah Heim (N),Nate Tomlinson (N),LAA,-,-,true,true,44%,false,73%,4.64,4640.0,0.25,0.29,0.07,0.02,0.04,0.001,0.07,12%,5.74,Main,0.26,12.65,0.01,3.04,2.06,68%,0.269,0.303,0.367,0.098,0.295,0.261,0.218,0.242,2.83,0.41,0.15,0.01,0.01,0.76,0.57,0.15,0.02,0.03,1.04,498052.0,
262,3185898.0,Jose Herrera,B,ARI,SDP,2300,C,9,false,false,true,-,-,Randy Vasquez,Elias Diaz (N),Ryan Blakney (EP),SDP,-,H,true,false,12%,false,70%,4.58,1.99,0.28,0.33,0.01,0.01,0.12,0.001,0.07,16%,4.85,Main,0.15,12.54,1.65,3.68,2.03,55%,0.211,0.279,0.292,0.081,0.262,0.255,0.254,0.219,3.21,0.72,0.32,0.01,0.02,0.68,0.51,0.11,0.01,0.05,0.94,3185898.0,
263,464348.0,Garrett Hampson,R,STL,WAS,1,--,9,false,false,false,-,-,Mike Soroka,Riley Adams (--),Adrian Johnson (EH),STL,-,-,false,true,33%,false,67%,4.5,4500.0,0.23,0.28,0.11,0.02,0.04,0.001,0.06,9%,5.32,Main,0.11,12.86,0.01,3.15,2.07,66%,0.225,0.289,0.302,0.077,0.268,0.272,0.261,0.26,2.83,0.78,0.24,0.0,0.03,0.64,0.49,0.11,0.02,0.03,0.86,464348.0,
264,2441120.0,Oswald Peraza,R,NYY,SEA,1,--,9,false,false,false,-,-,Bryan Woo,Cal Raleigh (++),Nic Lentz (EH),NYY,-,-,false,true,28%,false,72%,4.39,4390.0,0.26,0.29,0.06,0.03,0.01,0.001,0.06,30%,4.98,Main,0.0,12.59,0.01,3.17,2.15,68%,0.201,0.244,0.323,0.122,0.25,0.288,0.271,,2.99,0.87,0.13,0.0,0.04,0.6,0.41,0.1,0.01,0.08,0.97,2441120.0,
265,3202756.0,Jorbit Vivas,L,NYY,SEA,2000,2B/3B,9,false,false,true,-,-,Bryan Woo,Cal Raleigh (++),Nic Lentz (EH),NYY,-,-,true,true,48%,false,71%,4.28,2.14,0.24,0.28,0.04,0.02,0.0,0.001,0.05,28%,5.34,Main,0.0,12.51,2.4,2.88,2.15,75%,0.227,0.292,0.36,0.133,0.287,0.295,0.304,,2.63,0.41,0.2,0.01,0.05,0.6,0.4,0.11,0.01,0.07,0.95,3202756.0,
266,11487.0,Martin Maldonado,R,SDP,ARI,1,--,9,false,false,false,-,-,Eduardo Rodriguez,Jose Herrera (-),Ryan Blakney (EP),SDP,-,-,true,true,52%,false,75%,3.85,3850.0,0.3,0.31,0.01,0.01,0.07,0.001,0.04,41%,4.82,Main,0.0,11.76,0.01,2.89,2.21,76%,0.169,0.228,0.312,0.143,0.242,0.252,0.218,0.177,2.6,1.06,0.2,0.0,0.02,0.44,0.26,0.08,0.0,0.1,0.81,11487.0,
267,,1,2,3,4,5,6,7,8,9,10,11,12,13,14,15,16,17,18,19,20,21,22,23,24.0,25.0,26.0,27.0,28.0,29.0,30.0,31.0,32.0,33,34.0,35,36.0,37.0,38.0,39.0,40.0,41,42.0,43.0,44.0,45.0,46.0,47.0,48.0,49.0,50.0,51.0,52.0,53.0,54.0,55.0,56.0,57.0,58.0,59.0,60.0,,62.0
