,Unnamed: 0,Player,Yahoo,ESPN,Team
0,0,Oneil Cruz,99.0,88.0,PIT
1,1,Teoscar Hernandez,99.0,98.0,LAD
2,2,Jackson Chourio,99.0,96.0,MIL
3,3,Matt Olson,99.0,96.0,ATL
4,4,Rafael Devers,99.0,100.0,BOS
5,5,Pete Alonso,99.0,100.0,NYM
6,6,Yordan Alvarez,99.0,96.0,l c
7,7,Ketel Marte,99.0,100.0,ARI
8,8,Manny Machado,99.0,100.0,SD
9,9,Francisco Lindor,99.0,100.0,NYM
10,10,Austin Riley,99.0,95.0,ATL
11,11,Kyle Schwarber,99.0,97.0,PHI
12,12,Ronald Acuna Jr.,99.0,99.0,ATL
13,13,Kyle Tucker,99.0,100.0,CHC
14,14,Josh Hader,99.0,98.0,HOU
15,15,Cal Raleigh,99.0,98.0,SEA
16,16,Jarren Duran,99.0,97.0,BOS
17,17,Fernando Tatis Jr.,99.0,100.0,SD
18,18,Corbin Carroll,99.0,100.0,ARI
19,19,Jose Ramirez,99.0,100.0,CLE
20,20,Mookie Betts,99.0,100.0,LAD
21,21,Bryce Harper,99.0,100.0,PHI
22,22,Bobby Witt Jr.,99.0,100.0,KC
23,23,Aaron Judge,99.0,100.0,NYY
24,24,Logan Webb,99.0,98.0,SF
25,25,Yoshinobu Yamamoto,99.0,100.0,LAD
26,26,Chris Sale,99.0,98.0,ATL
27,27,Zack Wheeler,99.0,100.0,PHI
28,28,Tarik Skubal,99.0,100.0,DET
29,29,Paul Skenes,99.0,100.0,PIT
30,30,Garrett Crochet,99.0,100.0,BOS
31,31,Gunnar Henderson,99.0,99.0,BAL
32,32,Trea Turner,99.0,97.0,PHI
33,33,Vladimir Guerrero Jr.,99.0,100.0,TOR
34,34,Elly De La Cruz,99.0,100.0,CIN
35,35,Juan Soto,99.0,100.0,NYM
36,36,Jacob deGrom,99.0,95.0,TEX
37,37,Corbin Burnes,99.0,97.0,ARI
38,38,Freddie Freeman,99.0,100.0,LAD
39,39,Julio Rodriguez,99.0,98.0,SEA
40,40,Brent Rooker,98.0,77.0,OAK
41,41,Pablo Lopez,98.0,96.0,MIN
42,42,Hunter Brown,98.0,98.0,HOU
43,43,Cole Ragans,98.0,95.0,l c
44,44,Jackson Merrill,98.0,96.0,SD
45,45,James Wood,98.0,92.0,WSH
46,46,Jose Altuve,98.0,95.0,HOU
47,47,William Contreras,98.0,99.0,MIL
48,48,Marcell Ozuna,98.0,85.0,ATL
49,49,Edwin Diaz,98.0,94.0,NYM
50,50,Emmanuel Clase,98.0,99.0,CLE
51,51,Andres Munoz,98.0,95.0,SEA
52,52,Framber Valdez,98.0,97.0,HOU
53,53,Freddy Peralta,98.0,94.0,MIL
54,54,Michael King,98.0,97.0,l c
55,55,Dylan Cease,98.0,96.0,SD
56,56,Josh Naylor,98.0,96.0,ARI
57,57,Alex Bregman,98.0,99.0,l c
58,58,Logan Gilbert,98.0,97.0,l c
59,59,Max Fried,98.0,100.0,NYY
60,60,Wyatt Langford,97.0,90.0,TEX
61,61,Hunter Greene,97.0,97.0,CIN
62,62,Spencer Schwellenbach,97.0,91.0,ATL
63,63,Corey Seager,97.0,92.0,TEX
64,64,Shota Imanaga,97.0,94.0,l c
65,65,Cody Bellinger,97.0,93.0,NYY
66,66,Ozzie Albies,97.0,95.0,ATL
67,67,Mason Miller,97.0,93.0,OAK
68,68,Jazz Chisholm,97.0,86.0,l c
69,69,C.J. Abrams,97.0,82.0,WSH
70,70,Pete Crow-Armstrong,96.0,96.0,CHC
71,71,Will Smith,96.0,98.0,LAD
72,72,Seiya Suzuki,96.0,93.0,CHC
73,73,Luis Castillo,96.0,94.0,SEA
74,74,Joe Ryan,96.0,96.0,MIN
75,75,Sonny Gray,95.0,94.0,STL
76,76,Ryan Helsley,95.0,86.0,STL
77,77,Mike Trout,95.0,87.0,l c
78,78,Nathan Eovaldi,95.0,96.0,TEX
79,79,Robert Suarez,95.0,93.0,SD
80,80,Riley Greene,95.0,83.0,DET
81,81,Carlos Rodon,95.0,94.0,NYY
82,82,Bryan Woo,95.0,91.0,SEA
83,83,Tyler Glasnow,95.0,84.0,l c
84,84,Spencer Strider,95.0,86.0,ATL
85,85,Kodai Senga,94.0,89.0,NYM
86,86,Nick Pivetta,94.0,91.0,SD
87,87,Jhoan Duran,94.0,83.0,MIN
88,88,Bailey Ober,94.0,81.0,MIN
89,89,Lawrence Butler,94.0,69.0,OAK
90,90,Blake Snell,94.0,86.0,l c
91,91,Paul Goldschmidt,93.0,80.0,NYY
92,92,Matt Chapman,93.0,82.0,SF
93,93,Eugenio Suarez,93.0,78.0,ARI
94,94,Robbie Ray,93.0,85.0,SF
95,95,Tanner Bibee,93.0,74.0,CLE
96,96,Steven Kwan,93.0,97.0,CLE
97,97,Jesus Luzardo,93.0,93.0,PHI
98,98,Adley Rutschman,93.0,93.0,BAL
99,99,Willson Contreras,93.0,75.0,STL
100,100,Bo Bichette,92.0,65.0,TOR
101,101,George Kirby,92.0,79.0,SEA
102,102,Michael Harris II,91.0,71.0,ATL
103,103,MacKenzie Gore,91.0,88.0,WSH
104,104,Cristopher Sanchez,91.0,87.0,PHI
105,105,Raisel Iglesias,91.0,73.0,ATL
106,106,Jeff Hoffman,91.0,76.0,TOR
107,107,Tanner Scott,91.0,79.0,LAD
108,108,Kris Bubic,91.0,92.0,KC
109,109,Kevin Gausman,91.0,88.0,TOR
110,110,Brice Turang,91.0,71.0,MIL
111,111,Aaron Nola,90.0,79.0,l c
112,112,Isaac Paredes,90.0,89.0,HOU
113,113,Randy Arozarena,90.0,70.0,SEA
114,114,Salvador Perez,90.0,73.0,KC
115,115,Junior Caminero,90.0,74.0,TB
116,116,Zac Gallen,90.0,79.0,ARI
117,117,Brendan Donovan,90.0,95.0,STL
118,118,Dansby Swanson,90.0,60.0,CHC
119,119,Jack Flaherty,89.0,80.0,DET
120,120,Felix Bautista,89.0,72.0,BAL
121,121,Spencer Torkelson,89.0,81.0,DET
122,122,Christian Yelich,89.0,75.0,MIL
123,123,Shea Langeliers,88.0,82.0,OAK
124,124,Nico Hoerner,88.0,91.0,CHC
125,125,Clay Holmes,88.0,70.0,NYM
126,126,Ian Happ,88.0,82.0,CHC
127,127,Tyler Soderstrom,87.0,73.0,OAK
128,128,Carlos Estevez,86.0,61.0,KC
129,129,Maikel Garcia,86.0,87.0,KC
130,130,Luis Arraez,86.0,96.0,SD
131,131,Seth Lugo,86.0,73.0,l c
132,132,Willy Adames,86.0,60.0,SF
133,133,Logan O'Hoppe,86.0,47.0,LAA
134,134,Tommy Edman,85.0,87.0,LAD
135,135,Tyler Mahle,85.0,80.0,TEX
136,136,Anthony Volpe,85.0,45.0,NYY
137,137,Taylor Ward,85.0,68.0,LAA
138,138,Brandon Pfaadt,85.0,78.0,ARI
139,139,Heliot Ramos,85.0,47.0,SF
140,140,Nick Castellanos,85.0,67.0,PHI
141,141,Geraldo Perdomo,85.0,86.0,ARI
142,142,Xander Bogaerts,84.0,73.0,SD
143,143,Devin Williams,84.0,68.0,NYY
144,144,Pete Fairbanks,84.0,37.0,TB
145,145,Bryan Reynolds,83.0,59.0,PIT
146,146,Byron Buxton,83.0,44.0,l c
147,147,Luis Robert,83.0,24.0,CWS
148,148,Jeremy Pena,83.0,65.0,HOU
149,149,Bryson Stott,82.0,74.0,PHI
150,150,Bryce Miller,82.0,65.0,l c
151,151,Matt McLain,82.0,46.0,CIN
152,152,Jung Hoo Lee,82.0,91.0,SF
153,153,Christian Walker,82.0,53.0,HOU
154,154,Vinnie Pasquantino,81.0,66.0,KC
155,155,Ryan Walker,81.0,68.0,SF
156,156,J.T. Realmuto,81.0,41.0,PHI
157,157,Wilyer Abreu,81.0,77.0,BOS
158,158,Merrill Kelly,80.0,72.0,ARI
159,159,Zach Neto,80.0,31.0,LAA
160,160,Kyle Finnegan,80.0,43.0,WSH
161,161,Nick Lodolo,80.0,51.0,CIN
162,162,Alec Bohm,79.0,69.0,PHI
163,163,Jordan Westburg,79.0,48.0,l c
164,164,Casey Mize,79.0,69.0,DET
165,165,Trevor Megill,79.0,42.0,MIL
166,166,Yainer Diaz,78.0,65.0,HOU
167,167,Chris Bassitt,78.0,69.0,TOR
168,168,Gleyber Torres,77.0,81.0,DET
169,169,Aroldis Chapman,77.0,46.0,BOS
170,170,Roki Sasaki,77.0,59.0,l c
171,171,Cedric Mullins II,76.0,58.0,BAL
172,172,Kenley Jansen,76.0,25.0,LAA
173,173,Jacob Wilson,75.0,77.0,OAK
174,174,Mark Vientos,75.0,25.0,NYM
175,175,Drew Rasmussen,74.0,42.0,TB
176,176,Anthony Santander,74.0,66.0,TOR
177,177,Brenton Doyle,73.0,26.0,COL
178,178,Ryan Pepiot,73.0,25.0,TB
179,179,Nolan Arenado,73.0,88.0,STL
180,180,Kerry Carpenter,73.0,56.0,DET
181,181,Shane McClanahan,73.0,32.0,l c
182,182,Adolis Garcia,72.0,49.0,TEX
183,183,Brandon Lowe,71.0,34.0,TB
184,184,Luke Weaver,71.0,64.0,NYY
185,185,Jackson Holliday,71.0,44.0,BAL
186,186,Ranger Suarez,71.0,58.0,PHI
187,187,Yandy Diaz,70.0,59.0,TB
188,188,Jordan Romano,70.0,22.0,PHI
189,189,Brandon Nimmo,70.0,62.0,NYM
190,190,Marcus Semien,69.0,65.0,TEX
191,191,Hunter Goodman,69.0,45.0,COL
192,192,Kyle Stowers,69.0,36.0,MIA
193,193,Jose Berrios,69.0,58.0,TOR
194,194,Matthew Boyd,69.0,44.0,CHC
195,195,Emilio Pagan,69.0,40.0,CIN
196,196,Austin Wells,67.0,45.0,NYY
197,197,Matthew Liberatore,67.0,59.0,STL
198,198,Andrew Abbott,66.0,45.0,CIN
199,199,Yusei Kikuchi,66.0,57.0,LAA
200,200,Zach Eflin,66.0,36.0,BAL
201,201,Ezequiel Tovar,66.0,18.0,COL
202,202,Lars Nootbaar,66.0,70.0,STL
203,203,Josh Jung,65.0,24.0,TEX
204,204,Xavier Edwards,65.0,14.0,l c
205,205,Brandon Woodruff,64.0,33.0,l c
206,206,Royce Lewis,63.0,25.0,MIN
207,207,Ivan Herrera,63.0,51.0,STL
208,208,Tylor Megill,62.0,36.0,NYM
209,209,Jasson Dominguez,62.0,23.0,NYY
210,210,Reese Olson,61.0,31.0,l c
211,211,Luis Garcia,59.0,36.0,WSH
212,212,Walker Buehler,58.0,32.0,BOS
213,213,Will Warren,58.0,26.0,NYY
214,214,Josh Lowe,57.0,13.0,TB
215,215,George Springer,57.0,62.0,TOR
216,216,Andy Pages,57.0,26.0,LAD
217,217,Dylan Crews,57.0,23.0,l c
218,218,Matt Shaw,55.0,30.0,CHC
219,219,Colton Cowser,55.0,12.0,l c
220,220,David Peterson,55.0,40.0,NYM
221,221,Jonathan Aranda,55.0,18.0,TB
222,222,Camilo Doval,54.0,26.0,SF
223,223,Sandy Alcantara,54.0,40.0,MIA
224,224,Masyn Winn,54.0,38.0,STL
225,225,Griffin Canning,54.0,32.0,NYM
226,226,Ryan Pressly,53.0,43.0,CHC
227,227,Justin Martinez,53.0,45.0,ARI
228,228,Jake Burger,53.0,29.0,TEX
229,229,TJ Friedl,52.0,27.0,CIN
230,230,Clarke Schmidt,52.0,15.0,NYY
231,231,Jorge Polanco,51.0,58.0,SEA
232,232,Taj Bradley,51.0,42.0,TB
233,233,Ben Rice,51.0,31.0,NYY
234,234,Shane Baz,50.0,31.0,TB
235,235,Jameson Taillon,50.0,31.0,CHC
236,236,Javier Baez,50.0,38.0,DET
237,237,Nathaniel Lowe,50.0,23.0,WSH
238,238,Andres Gimenez,50.0,47.0,l c
239,239,Ryan O'Hearn,49.0,37.0,BAL
240,240,Rhys Hoskins,49.0,16.0,MIL
241,241,Wilmer Flores,49.0,41.0,SF
242,242,Lourdes Gurriel Jr.,49.0,57.0,ARI
243,243,AJ Smith-Shawver,46.0,26.0,l c
244,244,Spencer Steer,46.0,40.0,CIN
245,245,Dustin May,46.0,23.0,LAD
246,246,Dylan Moore,46.0,35.0,SEA
247,247,Michael Busch,46.0,22.0,CHC
248,248,Michael Wacha,44.0,22.0,KC
249,249,Will Vest,44.0,15.0,DET
250,250,Nick Martinez,43.0,35.0,CIN
251,251,David Bednar,42.0,26.0,PIT
252,252,Noah Cameron,42.0,26.0,KC
253,253,Ceddanne Rafaela,42.0,10.0,BOS
254,254,Brady Singer,41.0,33.0,CIN
255,255,Kristian Campbell,41.0,45.0,BOS
256,256,Jason Adam,41.0,42.0,SD
257,257,Jackson Jobe,41.0,17.0,DET
258,258,Grant Holmes,41.0,19.0,ATL
259,259,Gavin Williams,41.0,14.0,CLE
260,260,Kirby Yates,40.0,15.0,l c
261,261,Miguel Vargas,40.0,22.0,CWS
262,262,Grayson Rodriguez,40.0,30.0,l c
263,263,Max Meyer,39.0,22.0,MIA
264,264,Tyler O'Neill,39.0,12.0,l c
265,265,Jeffrey Springs,39.0,17.0,OAK
266,266,Zach McKinstry,39.0,25.0,DET
267,267,Carson Kelly,39.0,59.0,CHC
268,268,Mitch Keller,38.0,51.0,PIT
269,269,Yu Darvish,38.0,13.0,l c
270,270,Jonathan India,37.0,43.0,KC
271,271,Gabriel Moreno,37.0,37.0,ARI
272,272,Sean Manaea,35.0,27.0,l c
273,273,Lucas Erceg,35.0,38.0,KC
274,274,Gavin Sheets,35.0,19.0,SD
275,275,Chase Meidroth,35.0,19.0,CWS
276,276,Eury Perez,34.0,11.0,l c
277,277,Chandler Simpson,34.0,19.0,TB
278,278,Agustin Ramirez,34.0,17.0,MIA
279,279,Trent Grisham,34.0,36.0,NYY
280,280,Max Muncy,34.0,25.0,LAD
281,281,Hayden Birdsong,34.0,7.0,SF
282,282,Clayton Kershaw,34.0,13.0,LAD
283,283,Jordan Beck,33.0,9.0,COL
284,284,Victor Scott II,33.0,13.0,STL
285,285,Jack Leiter,33.0,16.0,TEX
286,286,Tomoyuki Sugano,33.0,19.0,BAL
287,287,Spencer Arrighetti,33.0,8.0,l c
288,288,Tony Gonsolin,33.0,19.0,LAD
289,289,Ryan Weathers,33.0,16.0,MIA
290,290,Tommy Kahnle,32.0,12.0,DET
291,291,Daniel Palencia,32.0,10.0,CHC
292,292,Cade Smith,32.0,21.0,CLE
293,293,Reynaldo Lopez,31.0,18.0,l c
294,294,Logan Henderson,31.0,26.0,l c
295,295,Luis Severino,31.0,22.0,OAK
296,296,Bubba Chandler,31.0,11.0,l c
297,297,Max Scherzer,31.0,10.0,l c
298,298,Ryan Mountcastle,30.0,5.0,BAL
299,299,Trevor Story,30.0,11.0,BOS
300,300,Keibert Ruiz,30.0,67.0,WSH
301,301,Roman Anthony,30.0,9.0,l c
302,302,Luis Gil,29.0,23.0,l c
303,303,Jake Irvin,29.0,27.0,WSH
304,304,Shane Bieber,29.0,12.0,l c
305,305,Bowden Francis,29.0,40.0,TOR
306,306,Colin Rea,29.0,12.0,CHC
307,307,Tyler Stephenson,28.0,23.0,CIN
308,308,Carlos Correa,28.0,39.0,MIN
309,309,Alec Burleson,28.0,27.0,STL
310,310,Austin Hays,28.0,18.0,CIN
311,311,Cade Horton,27.0,9.0,CHC
312,312,Jorge Soler,27.0,11.0,LAA
313,313,Luke Jackson,27.0,7.0,TEX
314,314,Andrew Heaney,26.0,20.0,PIT
315,315,Lane Thomas,26.0,5.0,CLE
316,316,Tanner Houck,26.0,26.0,l c
317,317,Ryan McMahon,26.0,4.0,COL
318,318,Michael Toglia,26.0,3.0,COL
319,319,Marcelo Mayer,26.0,12.0,BOS
320,320,Noelvi Marte,25.0,15.0,l c
321,321,Shelby Miller,25.0,6.0,ARI
322,322,Griffin Jax,24.0,17.0,MIN
323,323,Willi Castro,24.0,20.0,MIN
324,324,JP Sears,24.0,13.0,OAK
325,325,Bryan Abreu,24.0,19.0,HOU
326,326,Shane Smith,24.0,16.0,CWS
327,327,Jake Cronenworth,24.0,51.0,SD
328,328,Nick Kurtz,23.0,10.0,l c
329,329,Jose Soriano,23.0,10.0,LAA
330,330,Jose Quintana,23.0,12.0,l c
331,331,Tyler Fitzgerald,22.0,4.0,SF
332,332,Kyle Manzardo,22.0,10.0,CLE
333,333,A.J. Puk,22.0,15.0,l c
334,334,Ryan Yarbrough,22.0,4.0,NYY
335,335,Drake Baldwin,21.0,8.0,ATL
336,336,Connor Norby,21.0,8.0,MIA
337,337,Chris Martin,21.0,5.0,l c
338,338,Sean Murphy,21.0,13.0,ATL
339,339,Francisco Alvarez,20.0,13.0,NYM
340,340,Miles Mikolas,20.0,8.0,STL
341,341,Jac Caglianone,20.0,7.0,l c
342,342,Erick Fedde,20.0,11.0,STL
343,343,Dennis Santana,20.0,5.0,PIT
344,344,Landen Roupp,19.0,7.0,SF
345,345,Tyler Anderson,19.0,14.0,LAA
346,346,Alexis Diaz,19.0,23.0,l c
347,347,Abner Uribe,19.0,10.0,MIL
348,348,Zebby Matthews,18.0,5.0,MIN
349,349,Carlos Narvaez,18.0,5.0,BOS
350,350,Matt Strahm,18.0,5.0,PHI
351,351,Zack Littell,18.0,8.0,TB
352,352,Luis Rengifo,18.0,6.0,LAA
353,353,Ryan Jeffers,17.0,8.0,MIN
354,354,Justin Verlander,17.0,8.0,l c
355,355,Brayan Bello,17.0,9.0,BOS
356,356,Robert Garcia,17.0,4.0,TEX
357,357,Brett Baty,17.0,6.0,NYM
358,358,Stephen Kolek,17.0,9.0,SD
359,359,Hunter Gaddis,17.0,10.0,CLE
360,360,Josh Smith,17.0,9.0,TEX
361,361,Luis L. Ortiz,17.0,7.0,CLE
362,362,Jose Caballero,17.0,10.0,TB
363,363,Sal Frelick,16.0,18.0,MIL
364,364,Andrew Painter,16.0,3.0,l c
365,365,Chris Paddack,16.0,7.0,MIN
366,366,Ben Brown,16.0,7.0,CHC
367,367,Alex Vesia,16.0,8.0,LAD
368,368,Victor Robles,15.0,2.0,l c
369,369,Hyeseong Kim,15.0,7.0,LAD
370,370,Gavin Lux,15.0,13.0,CIN
371,371,Randy Rodriguez,15.0,4.0,SF
372,372,Will Benson,15.0,8.0,CIN
373,373,Tyler Rogers,15.0,6.0,SF
374,374,Mick Abel,15.0,3.0,l c
375,375,Cam Smith,15.0,6.0,HOU
376,376,Daulton Varsho,15.0,8.0,TOR
377,377,Michael Lorenzen,14.0,6.0,KC
378,378,Bailey Falter,14.0,6.0,PIT
379,379,Lance McCullers Jr.,14.0,4.0,HOU
380,380,Lucas Giolito,14.0,6.0,BOS
381,381,Patrick Corbin,14.0,6.0,TEX
382,382,Jurickson Profar,14.0,18.0,l c
383,383,Christian Encarnacion-Strand,14.0,2.0,l c
384,384,Jeremiah Estrada,14.0,6.0,SD
385,385,Whit Merrifield,13.0,0.0,l c
386,386,Kumar Rocker,13.0,3.0,l c
387,387,Mike Yastrzemski,13.0,12.0,SF
388,388,Fernando Cruz,13.0,6.0,l c
389,389,JJ Bleday,12.0,25.0,l c
390,390,Reed Garrett,12.0,5.0,NYM
391,391,Tyler Holton,12.0,3.0,DET
392,392,Colt Keith,12.0,6.0,DET
393,393,Giancarlo Stanton,12.0,6.0,l c
394,394,Randy Vasquez,12.0,4.0,SD
395,395,Matt Wallner,11.0,2.0,l c
396,396,Ben Casparius,11.0,7.0,LAD
397,397,Jake McCarthy,11.0,4.0,l c
398,398,Orion Kerkering,11.0,4.0,PHI
399,399,Jake Meyers,11.0,6.0,HOU
400,400,Nestor Cortes,11.0,14.0,l c
401,401,Jacob Lopez,11.0,2.0,OAK
402,402,J.P. Crawford,11.0,8.0,SEA
403,403,Edward Cabrera,11.0,3.0,MIA
404,404,Tony Santillan,11.0,3.0,CIN
405,405,Parker Meadows,11.0,4.0,l c
406,406,Luke Keaschall,11.0,2.0,l c
407,407,Bryan King,11.0,4.0,HOU
408,408,Pavin Smith,10.0,7.0,ARI
409,409,Nolan Schanuel,10.0,8.0,LAA
410,410,Mitchell Parker,10.0,7.0,WSH
411,411,Carlos Santana,10.0,12.0,CLE
412,412,Gabriel Arias,10.0,8.0,CLE
413,413,Kyle Leahy,10.0,4.0,STL
414,414,Huascar Brazoban,10.0,7.0,NYM
415,415,Blake Treinen,10.0,5.0,l c
416,416,Chad Patrick,10.0,4.0,MIL
417,417,Daniel Schneemann,10.0,3.0,CLE
418,418,Jordan Lawlar,10.0,3.0,l c
419,419,Isiah Kiner-Falefa,9.0,8.0,PIT
420,420,Trevor Larnach,9.0,6.0,MIN
421,421,Christopher Morel,9.0,10.0,TB
422,422,Alejandro Kirk,9.0,27.0,TOR
423,423,Jonah Heim,9.0,10.0,TEX
424,424,Porter Hodge,9.0,5.0,l c
425,425,Liam Hendriks,9.0,3.0,BOS
426,426,Emerson Hancock,9.0,3.0,SEA
427,427,Zack Gelof,9.0,3.0,l c
428,428,Kody Clemens,8.0,3.0,MIN
429,429,Ryne Nelson,8.0,2.0,ARI
430,430,Taijuan Walker,8.0,4.0,PHI
431,431,Jacob Misiorowski,8.0,2.0,l c
432,432,Otto Lopez,8.0,7.0,MIA
433,433,Brendon Little,8.0,3.0,TOR
434,434,Dalton Rushing,8.0,3.0,LAD
435,435,Andre Pallante,8.0,5.0,STL
436,436,Evan Carter,8.0,2.0,l c
437,437,Ryan Gusto,7.0,2.0,HOU
438,438,Yimi Garcia,7.0,1.0,l c
439,439,Enrique Hernandez,7.0,3.0,LAD
440,440,Joey Bart,7.0,2.0,l c
441,441,Nolan Jones,7.0,2.0,CLE
442,442,Kyle Harrison,7.0,3.0,SF
443,443,Miguel Andujar,7.0,5.0,OAK
444,444,Justin Slaten,7.0,1.0,BOS
445,445,Logan Evans,6.0,2.0,l c
446,446,Thairo Estrada,6.0,2.0,l c
447,447,Dean Kremer,6.0,3.0,BAL
448,448,Connor Wong,6.0,2.0,BOS
449,449,Michael Soroka,6.0,2.0,WSH
450,450,Dillon Dingler,6.0,4.0,DET
451,451,Addison Barger,6.0,2.0,TOR
452,452,Eduardo Rodriguez,6.0,2.0,l c
453,453,Davis Martin,6.0,3.0,CWS
454,454,Gunnar Hoglund,6.0,2.0,OAK
455,455,Louis Varland,6.0,2.0,MIN
456,456,Drew Pomeranz,6.0,1.0,CHC
457,457,Michael Conforto,6.0,3.0,LAD
458,458,Max Kepler,6.0,5.0,PHI
459,459,Sean Burke,6.0,3.0,CWS
460,460,Travis Bazzana,6.0,1.0,l c
461,461,Yennier Cano,6.0,3.0,BAL
462,462,Quinn Mathews,5.0,1.0,l c
463,463,Ty France,5.0,4.0,MIN
464,464,Coby Mayo,5.0,1.0,l c
465,465,Charlie Morton,5.0,3.0,BAL
466,466,Luisangel Acuna,5.0,4.0,NYM
467,467,Logan Allen,5.0,2.0,CLE
468,468,David Fry,5.0,1.0,l c
469,469,Jordan Hicks,5.0,3.0,SF
470,470,Hunter Dobbins,5.0,2.0,BOS
471,471,Jordan Walker,5.0,2.0,STL
472,472,Jake Mangum,5.0,3.0,l c
473,473,Garrett Mitchell,5.0,2.0,l c
474,474,Kyren Paris,5.0,7.0,l c
475,475,Jose Alvarado,5.0,8.0,l c
476,476,David Festa,5.0,1.0,l c
477,477,Michael Kopech,5.0,5.0,l c
478,478,Dylan Lee,5.0,1.0,ATL
479,479,Noah Schultz,5.0,1.0,l c
480,480,Steven Matz,5.0,2.0,STL
481,481,Andrew Vaughn,5.0,4.0,l c
482,482,Dane Myers,5.0,2.0,l c
483,483,Ronny Henriquez,5.0,1.0,MIA
484,484,Slade Cecconi,5.0,2.0,CLE
485,485,Calvin Faucher,5.0,1.0,MIA
486,486,Phil Maton,5.0,1.0,STL
487,487,Samuel Basallo,5.0,1.0,l c
488,488,Bo Naylor,4.0,3.0,CLE
489,489,Rhett Lowder,4.0,1.0,l c
490,490,Jesus Sanchez,4.0,2.0,MIA
491,491,Ha-Seong Kim,4.0,3.0,l c
492,492,Ke'Bryan Hayes,4.0,3.0,PIT
493,493,Brooks Lee,4.0,2.0,MIN
494,494,Robert Hassell III,4.0,1.0,WSH
495,495,Deyvison De Los Santos,4.0,0.0,l c
496,496,Mark Leiter Jr.,4.0,2.0,NYY
497,497,Kyle Bradish,4.0,1.0,l c
498,498,Bryce Elder,4.0,1.0,l c
499,499,Kutter Crawford,4.0,3.0,l c
500,500,Joc Pederson,4.0,2.0,l c
501,501,Landon Knack,4.0,1.0,LAD
502,502,Luke Raley,4.0,1.0,l c
503,503,Trey Sweeney,4.0,2.0,DET
504,504,Cade Povich,4.0,2.0,BAL
505,505,Evan Phillips,4.0,1.0,l c
506,506,Chase Dollander,4.0,2.0,l c
507,507,Chad Green,4.0,2.0,TOR
508,508,David Peralta,4.0,0.0,l c
509,509,Joey Ortiz,4.0,5.0,MIL
510,510,Josh Bell,4.0,4.0,WSH
511,511,Adrian Houser,3.0,4.0,CWS
512,512,Eric Wagaman,3.0,3.0,MIA
513,513,Caleb Durbin,3.0,2.0,MIL
514,514,Daniel Lynch,3.0,0.0,KC
515,515,Steven Okert,3.0,1.0,HOU
516,516,Joe Boyle,3.0,1.0,l c
517,517,Richard Fitts,3.0,1.0,BOS
518,518,Heston Kjerstad,3.0,1.0,BAL
519,519,Ernie Clement,3.0,1.0,TOR
520,520,Patrick Bailey,3.0,2.0,SF
521,521,Trey Mancini,3.0,0.0,l c
522,522,Kameron Misner,3.0,2.0,TB
523,523,Jonathan Cannon,3.0,1.0,CWS
524,524,Luis Urias,3.0,2.0,OAK
525,525,Carson Williams,3.0,1.0,l c
526,526,Masataka Yoshida,3.0,2.0,l c
527,527,Gabe Speier,3.0,1.0,SEA
528,528,Matt Brash,3.0,1.0,SEA
529,529,Quinn Priester,3.0,1.0,MIL
530,530,Garrett Whitlock,3.0,1.0,BOS
531,531,Ronny Mauricio,3.0,1.0,l c
532,532,Hunter Harvey,3.0,1.0,l c
533,533,Jared Koenig,3.0,0.0,MIL
534,534,Yariel Rodriguez,3.0,1.0,TOR
535,535,Edmundo Sosa,3.0,3.0,PHI
536,536,Martin Perez,3.0,3.0,l c
537,537,Kyle Hendricks,3.0,1.0,LAA
538,538,Cole Sands,3.0,1.0,MIN
539,539,Edwin Uceta,3.0,1.0,TB
540,540,Adam Duvall,3.0,0.0,l c
541,541,Bryce Eldridge,3.0,1.0,l c
542,542,Jeff McNeil,3.0,3.0,NYM
543,543,Miguel Amaya,3.0,3.0,l c
544,544,Alex Verdugo,3.0,4.0,ATL
545,545,Graham Ashcraft,3.0,1.0,CIN
546,546,Harrison Bader,3.0,2.0,MIN
547,547,Brandon Marsh,3.0,2.0,PHI
548,548,Brandon Sproat,3.0,0.0,l c
549,549,Dylan Floro,2.0,0.0,l c
550,550,Andrew Benintendi,2.0,3.0,CWS
551,551,Jack Dreyer,2.0,1.0,LAD
552,552,Yoan Moncada,2.0,1.0,LAA
553,553,Spencer Horwitz,2.0,9.0,PIT
554,554,Kyle Freeland,2.0,1.0,COL
555,555,Bobby Miller,2.0,1.0,l c
556,556,Garrett Cleavinger,2.0,1.0,TB
557,557,Joey Meneses,2.0,0.0,l c
558,558,Christian Moore,2.0,1.0,l c
559,559,Adam Frazier,2.0,1.0,PIT
560,560,Zac Veen,2.0,0.0,l c
561,561,Anthony Bender,2.0,0.0,MIA
562,562,Amed Rosario,2.0,1.0,WSH
563,563,Tim Herrin,2.0,0.0,CLE
564,564,Kevin Ginkel,2.0,1.0,ARI
565,565,Danny Coulombe,2.0,0.0,l c
566,566,Emmanuel Rodriguez,2.0,1.0,l c
567,567,Pierce Johnson,2.0,1.0,ATL
568,568,Spencer Jones,2.0,0.0,l c
569,569,Keegan Akin,2.0,0.0,BAL
570,570,Eli White,2.0,1.0,ATL
571,571,Jose Butto,2.0,0.0,NYM
572,572,Cade Cavalli,2.0,0.0,l c
573,573,Moises Ballesteros,2.0,1.0,l c
574,574,Jesus Tinoco,2.0,0.0,MIA
575,575,Zach Agnos,2.0,1.0,COL
576,576,Tobias Myers,2.0,1.0,l c
577,577,Justin Sterner,2.0,1.0,OAK
578,578,Andrew McCutchen,2.0,1.0,PIT
579,579,Cal Quantrill,2.0,1.0,MIA
580,580,Santiago Espinal,2.0,1.0,CIN
581,581,Jeimer Candelario,2.0,2.0,l c
582,582,Anthony Banda,2.0,1.0,LAD
583,583,Erik Miller,2.0,1.0,SF
584,584,Michael McGreevy,2.0,0.0,l c
585,585,Daysbel Hernandez,2.0,0.0,ATL
586,586,JoJo Romero,2.0,1.0,STL
587,587,Nick Gonzales,2.0,2.0,l c
588,588,Matt Vierling,2.0,2.0,l c
589,589,Michael Massey,2.0,1.0,KC
590,590,Lenyn Sosa,2.0,1.0,CWS
591,591,Brad Keller,2.0,0.0,CHC
592,592,Kyle Teel,2.0,1.0,l c
593,593,Jorge Lopez,2.0,1.0,WSH
594,594,Curtis Mead,2.0,1.0,TB
595,595,Jo Adell,2.0,1.0,LAA
596,596,Nolan Gorman,2.0,2.0,STL
597,597,Mauricio Dubon,2.0,2.0,HOU
598,598,Seth Halvorsen,2.0,1.0,COL
599,599,Trevor Williams,2.0,0.0,WSH
600,600,Marcus Stroman,2.0,2.0,l c
601,601,D.J. LeMahieu,2.0,1.0,NYY
602,602,Cody Bradford,2.0,1.0,l c
603,603,Jose Trevino,2.0,2.0,CIN
604,604,Aaron Civale,2.0,2.0,MIL
605,605,Shawn Armstrong,2.0,0.0,TEX
606,606,David Robertson,2.0,0.0,l c
607,607,Eloy Jimenez,1.0,0.0,l c
608,608,Robby Snelling,1.0,0.0,l c
609,609,Victor Caratini,1.0,0.0,HOU
610,610,Luis Torrens,1.0,0.0,NYM
611,611,Shay Whitcomb,1.0,0.0,l c
612,612,Oswaldo Cabrera,1.0,1.0,l c
613,613,David Hamilton,1.0,1.0,BOS
614,614,Thomas Saggese,1.0,0.0,l c
615,615,Eric Lauer,1.0,0.0,TOR
616,616,Kris Bryant,1.0,1.0,l c
617,617,Alek Manoah,1.0,0.0,l c
618,618,Colson Montgomery,1.0,0.0,l c
619,619,Miguel Rojas,1.0,0.0,LAD
620,620,Ryan Feltner,1.0,1.0,l c
621,621,Jack Kochanowicz,1.0,1.0,LAA
622,622,Kyle Isbel,1.0,1.0,KC
623,623,Nick Allen,1.0,0.0,ATL
624,624,James Outman,1.0,0.0,l c
625,625,Brent Suter,1.0,0.0,CIN
626,626,Hurston Waldrep,1.0,0.0,l c
627,627,Jose Iglesias,1.0,0.0,SD
628,628,Jesse Winker,1.0,2.0,l c
629,629,Wenceel Perez,1.0,0.0,DET
630,630,Travis d'Arnaud,1.0,0.0,LAA
631,631,Cristian Javier,1.0,1.0,l c
632,632,Easton Lucas,1.0,1.0,l c
633,633,Thomas Harrington,1.0,0.0,l c
634,634,Kevin Kelly,1.0,0.0,TB
635,635,Orelvis Martinez,1.0,0.0,l c
636,636,John Schreiber,1.0,0.0,KC
637,637,Brenan Hanifee,1.0,0.0,DET
638,638,Andrew Kittredge,1.0,0.0,BAL
639,639,Jonah Tong,1.0,0.0,l c
640,640,Cole Young,1.0,0.0,l c
641,641,Ben Williamson,1.0,0.0,SEA
642,642,Zach Dezenzo,1.0,0.0,HOU
643,643,Osvaldo Bido,1.0,1.0,l c
644,644,Alex Wood,1.0,0.0,l c
645,645,Chase Petty,1.0,0.0,l c
646,646,German Marquez,1.0,0.0,COL
647,647,Reid Detmers,1.0,1.0,LAA
648,648,Frankie Montas,1.0,1.0,l c
649,649,Brock Stewart,1.0,0.0,MIN
650,650,Alex Freeland,1.0,0.0,l c
651,651,Adrian Morejon,1.0,0.0,SD
652,652,Esteury Ruiz,1.0,0.0,l c
653,653,Tyler Nevin,1.0,0.0,l c
654,654,Yuki Matsui,1.0,1.0,SD
655,655,Ryne Stanek,1.0,0.0,NYM
656,656,Colby Thomas,1.0,0.0,l c
657,657,Bryan De La Cruz,1.0,1.0,l c
658,658,Jerar Encarnacion,1.0,0.0,l c
659,659,Jack Lopez,1.0,0.0,l c
660,660,Jonathan Loaisiga,1.0,0.0,NYY
661,661,Elehuris Montero,1.0,0.0,l c
662,662,Colton Gordon,1.0,1.0,HOU
663,663,Jon Gray,1.0,1.0,l c
664,664,Jose A. Ferrer,1.0,0.0,WSH
665,665,Nick Mears,1.0,0.0,MIL
666,666,Blade Tidwell,1.0,0.0,l c
667,667,Mike Clevinger,1.0,0.0,l c
668,668,Caden Dana,1.0,0.0,l c
669,669,Alejandro Osuna,1.0,0.0,TEX
670,670,Paul DeJong,1.0,0.0,l c
671,671,Jon Berti,1.0,0.0,CHC
672,672,Elias Diaz,1.0,0.0,SD
673,673,J.T. Ginn,1.0,0.0,l c
674,674,J.D. Martinez,1.0,0.0,l c
675,675,Leody Taveras,1.0,1.0,SEA
676,676,Jose Siri,1.0,0.0,l c
677,677,Jackson Ferris,1.0,0.0,l c
678,678,Angel Martinez,1.0,1.0,CLE
679,679,Mitch Spence,1.0,1.0,OAK
680,680,Alexander Canario,1.0,0.0,PIT
681,681,Pedro Pages,1.0,1.0,STL
682,682,Craig Yoho,1.0,0.0,l c
683,683,Carson Whisenhunt,1.0,0.0,l c
684,684,Sawyer Gipson-Long,1.0,0.0,l c
685,685,Mike Burrows,1.0,0.0,PIT
686,686,Ryan Zeferjahn,1.0,0.0,LAA
687,687,Ryan Borucki,1.0,0.0,PIT
688,688,Kyle Farmer,1.0,1.0,COL
689,689,Max Kranick,1.0,0.0,NYM
690,690,Ryan Thompson,1.0,0.0,ARI
691,691,Craig Kimbrel,1.0,0.0,l c
692,692,Luis Garcia,1.0,1.0,l c
693,693,Vaughn Grissom,1.0,0.0,l c
694,694,Alex Call,1.0,1.0,WSH
695,695,Tommy Pham,1.0,0.0,PIT
696,696,Kevin Alcantara,1.0,0.0,l c
697,697,Brady House,1.0,0.0,l c
698,698,Otto Kemp,1.0,0.0,l c
699,699,Yasmani Grandal,1.0,0.0,l c
700,700,Justin Crawford,1.0,0.0,l c
701,701,Carson Fulmer,1.0,0.0,l c
702,702,Jalen Beeks,1.0,1.0,ARI
703,703,Jonny DeLuca,1.0,1.0,l c
704,704,Jhonkensy Noel,1.0,1.0,CLE
705,705,Endy Rodriguez,1.0,0.0,PIT
706,706,Matt Mervis,1.0,1.0,MIA
707,707,Ramon Urias,1.0,0.0,BAL
708,708,Tim Tawa,1.0,0.0,ARI
709,709,Wandy Peralta,1.0,0.0,SD
710,710,Tyler Ferguson,1.0,0.0,OAK
711,711,Tyler Alexander,1.0,0.0,MIL
712,712,Kolby Allard,1.0,0.0,CLE
713,713,Javier Assad,1.0,1.0,l c
714,714,Wade Miley,1.0,0.0,l c
715,715,Edgar Quero,1.0,1.0,CWS
716,716,Tink Hence,1.0,0.0,l c
717,717,Danny Jansen,1.0,1.0,TB
718,718,Ramon Laureano,1.0,0.0,l c
719,719,Mason Fluharty,1.0,0.0,TOR
720,720,Jace Jung,1.0,0.0,l c
721,721,Taylor Rogers,1.0,0.0,CIN
722,722,Kyle Higashioka,1.0,1.0,TEX
723,723,Tyson Miller,1.0,0.0,l c
724,724,Dylan Carlson,1.0,0.0,BAL
725,725,Henry Davis,1.0,0.0,PIT
726,726,Bryan Hudson,1.0,0.0,l c
727,727,Keider Montero,1.0,0.0,DET
728,728,Mike Tauchman,1.0,1.0,CWS
729,729,Drew Waters,1.0,0.0,KC
730,730,Carmen Mlodzinski,1.0,0.0,l c
731,731,Romy Gonzalez,1.0,1.0,l c
732,732,James McCann,1.0,0.0,l c
733,733,Owen Caissie,1.0,0.0,l c
734,734,Chas McCormick,1.0,0.0,HOU
735,735,Justin Turner,1.0,1.0,CHC
736,736,Denzel Clarke,1.0,0.0,OAK
737,737,Nathan Lukes,1.0,0.0,TOR
738,738,Manuel Rodriguez,1.0,0.0,TB
739,739,Seranthony Dominguez,1.0,1.0,BAL
740,740,Paul Sewald,1.0,0.0,l c
741,741,Harold Ramirez,1.0,0.0,l c
742,742,Beau Brieske,1.0,0.0,DET
743,743,Jordan Leasure,1.0,0.0,CWS
744,744,Brant Hurter,1.0,1.0,DET
745,745,Mason Montgomery,1.0,0.0,TB
746,746,Jake Bird,1.0,1.0,COL
747,747,Jakob Junis,1.0,0.0,CLE
748,748,Orlando Arcia,1.0,1.0,COL
749,749,Johan Rojas,1.0,1.0,PHI
750,750,LaMonte Wade Jr.,1.0,1.0,SF
751,751,Abraham Toro,1.0,0.0,BOS
752,752,Jose Miranda,1.0,1.0,l c
753,753,Gregory Soto,1.0,0.0,BAL
754,754,Rowdy Tellez,1.0,1.0,SEA
755,755,Tyrone Taylor,1.0,0.0,NYM
756,756,Starling Marte,1.0,1.0,NYM
757,757,Jake Fraley,1.0,1.0,l c
758,758,Jacob Young,1.0,1.0,l c
759,759,Mickey Moniak,1.0,0.0,COL
760,760,Anthony Rizzo,1.0,0.0,l c
761,761,Tyler Kinley,1.0,0.0,COL
762,762,Ian Seymour,1.0,0.0,l c
763,763,Simeon Woods Richardson,1.0,1.0,l c
764,764,Kyle Hart,1.0,1.0,SD
765,765,Joel Payamps,1.0,1.0,l c
766,766,Brooks Raley,1.0,0.0,l c
767,767,Joe Jimenez,1.0,0.0,l c
768,768,Alek Thomas,1.0,1.0,ARI
769,769,Luis Mey,1.0,0.0,l c
770,770,Antonio Senzatela,0.0,0.0,COL
771,771,Camden Minacci,0.0,0.0,l c
772,772,Rico Garcia,0.0,0.0,l c
773,773,Wesley Moore,0.0,0.0,l c
774,774,Ty Blach,0.0,0.0,l c
775,775,Eric Adler,0.0,0.0,l c
776,776,Julio Rodriguez,0.0,0.0,l c
777,777,Antoine Kelly,0.0,0.0,l c
778,778,Michael Flynn,0.0,0.0,l c
779,779,Juan Mejia,0.0,0.0,COL
780,780,Xzavion Curry,0.0,0.0,l c
781,781,Kelvin Caceres,0.0,0.0,l c
782,782,Garrett Acton,0.0,0.0,l c
783,783,Matt Cronin,0.0,0.0,l c
784,784,Josh Rojas,0.0,0.0,CWS
785,785,Moises Chace,0.0,0.0,l c
786,786,Andrew Alvarez,0.0,0.0,l c
787,787,Geoff Hartlieb,0.0,0.0,l c
788,788,Luis F. Castillo,0.0,0.0,l c
789,789,Dakota Hudson,0.0,0.0,l c
790,790,Grant Hartwig,0.0,0.0,l c
791,791,Eddy Yean,0.0,0.0,l c
792,792,Taylor Floyd,0.0,0.0,l c
793,793,Christian Roa,0.0,0.0,l c
794,794,Yonathan Perlaza,0.0,0.0,l c
795,795,Ryan Kreidler,0.0,0.0,l c
796,796,Pedro Leon,0.0,0.0,l c
797,797,Hunter Feduccia,0.0,0.0,l c
798,798,Osleivis Basabe,0.0,0.0,l c
799,799,Blake Hunt,0.0,0.0,l c
800,800,Dom Nunez,0.0,0.0,l c
801,801,Michael Helman,0.0,0.0,l c
802,802,Billy Hamilton,0.0,0.0,l c
803,803,Wade Meckler,0.0,0.0,l c
804,804,Steward Berroa,0.0,0.0,l c
805,805,Victor Mederos,0.0,0.0,l c
806,806,Connor Van Scoyoc,0.0,0.0,l c
807,807,Tanner Gordon,0.0,0.0,COL
808,808,Tyler Baum,0.0,0.0,l c
809,809,Kevin Kopps,0.0,0.0,l c
810,810,Andrew Pinckney,0.0,0.0,l c
811,811,Eliezer Alfonzo,0.0,0.0,l c
812,812,Frederick Bencosme,0.0,0.0,l c
813,813,Luca Tresh,0.0,0.0,l c
814,814,Jimmy Crooks III,0.0,0.0,l c
815,815,Luis Vazquez,0.0,0.0,l c
816,816,Mason McCoy,0.0,0.0,l c
817,817,Eguy Rosario,0.0,0.0,l c
818,818,Jair Camargo,0.0,0.0,l c
819,819,Ryan Noda,0.0,0.0,l c
820,820,Tyler Gentry,0.0,0.0,l c
821,821,Marco Luciano,0.0,0.0,l c
822,822,Garrett Stubbs,0.0,0.0,l c
823,823,Jared Serna,0.0,0.0,l c
824,824,Tyler Tolbert,0.0,0.0,l c
825,825,Darren Baker,0.0,0.0,l c
826,826,Alika Williams,0.0,0.0,l c
827,827,Luis De Los Santos,0.0,0.0,l c
828,828,Corey Julks,0.0,0.0,l c
829,829,Jason Delay,0.0,0.0,l c
830,830,Luis Guillorme,0.0,0.0,l c
831,831,Luke Maile,0.0,0.0,l c
832,832,Ryan Fitzgerald,0.0,0.0,l c
833,833,Brewer Hicklen,0.0,0.0,l c
834,834,Braden Shewmake,0.0,0.0,l c
835,835,Tomas Nido,0.0,0.0,l c
836,836,Zack Short,0.0,0.0,l c
837,837,Mickey Gasper,0.0,0.0,l c
838,838,Braxton Fulford,0.0,0.0,l c
839,839,Everson Pereira,0.0,0.0,l c
840,840,Logan Driscoll,0.0,0.0,l c
841,841,Nacho Alvarez,0.0,0.0,l c
842,842,Jacob Hurtubise,0.0,0.0,l c
843,843,Samad Taylor,0.0,0.0,l c
844,844,Cesar Salazar,0.0,0.0,HOU
845,845,Tsung-Che Cheng,0.0,0.0,l c
846,846,Jhonny Pereda,0.0,0.0,l c
847,847,Tyler Callihan,0.0,0.0,l c
848,848,Jonathan Ornelas,0.0,0.0,l c
849,849,Ben Cowles,0.0,0.0,l c
850,850,Andre Lipcius,0.0,0.0,l c
851,851,Jesus Bastidas,0.0,0.0,l c
852,852,Brandon Valenzuela,0.0,0.0,l c
853,853,Hao-Yu Lee,0.0,0.0,l c
854,854,Jeferson Quero,0.0,0.0,l c
855,855,Hayden Senger,0.0,0.0,l c
856,856,Petey Halpin,0.0,0.0,l c
857,857,Zach DeLoach,0.0,0.0,l c
858,858,Leo Jimenez,0.0,0.0,l c
859,859,Tucker Barnhart,0.0,0.0,TEX
860,860,Drew Millas,0.0,0.0,l c
861,861,James Triantos,0.0,0.0,l c
862,862,Jordyn Adams,0.0,0.0,l c
863,863,Ali Sanchez,0.0,0.0,TOR
864,864,Matt Duffy,0.0,0.0,l c
865,865,Albert Almora Jr.,0.0,0.0,l c
866,866,Curt Casali,0.0,0.0,l c
867,867,Trey Lipscomb,0.0,0.0,l c
868,868,Billy Cook,0.0,0.0,l c
869,869,Jake Rucker,0.0,0.0,l c
870,870,Harry Ford,0.0,0.0,l c
871,871,Chuckie Robinson,0.0,0.0,l c
872,872,Brett Sullivan,0.0,0.0,l c
873,873,Andrew Knizner,0.0,0.0,l c
874,874,Matthew Batten,0.0,0.0,l c
875,875,Jose Azocar,0.0,0.0,l c
876,876,Niko Kavadas,0.0,0.0,l c
877,877,Jud Fabian,0.0,0.0,l c
878,878,Tristan Gray,0.0,0.0,l c
879,879,Kyle McCann,0.0,0.0,l c
880,880,Rene Pinto,0.0,0.0,l c
881,881,David Bote,0.0,0.0,l c
882,882,Nick Senzel,0.0,0.0,l c
883,883,Brock Wilken,0.0,0.0,l c
884,884,Tanner Schobel,0.0,0.0,l c
885,885,Joe Mack,0.0,0.0,l c
886,886,Brett Wisely,0.0,0.0,l c
887,887,Maverick Handley,0.0,0.0,BAL
888,888,Coco Montes,0.0,0.0,l c
889,889,Matt Koperniak,0.0,0.0,l c
890,890,Yunior Severino,0.0,0.0,l c
891,891,Travis Blankenhorn,0.0,0.0,l c
892,892,Aaron Schunk,0.0,0.0,l c
893,893,Andrew Pintar,0.0,0.0,l c
894,894,Travis Jankowski,0.0,0.0,l c
895,895,Cal Stevenson,0.0,0.0,l c
896,896,Sandro Fabian,0.0,0.0,l c
897,897,Yohel Pozo,0.0,0.0,STL
898,898,Chadwick Tromp,0.0,0.0,BAL
899,899,Taylor Trammell,0.0,0.0,l c
900,900,Austin Martin,0.0,0.0,l c
901,901,Edward Olivares,0.0,0.0,l c
902,902,Jacob Berry,0.0,0.0,l c
903,903,Oscar Colas,0.0,0.0,l c
904,904,Josh Kasevich,0.0,0.0,l c
905,905,Alex Ramirez,0.0,0.0,l c
906,906,Aaron Bummer,0.0,0.0,ATL
907,907,Michael Stefanic,0.0,0.0,TOR
908,908,Jorge Barrosa,0.0,0.0,l c
909,909,Akil Baddoo,0.0,0.0,l c
910,910,Justice Bigbie,0.0,0.0,l c
911,911,Warming Bernabel,0.0,0.0,l c
912,912,Rodolfo Duran,0.0,0.0,l c
913,913,A.J. Vukovich,0.0,0.0,l c
914,914,Jason Vosler,0.0,0.0,l c
915,915,David Dahl,0.0,0.0,l c
916,916,Andrew Navigato,0.0,0.0,l c
917,917,Cristian Pache,0.0,0.0,l c
918,918,Cavan Biggio,0.0,0.0,l c
919,919,Jacob Amaya,0.0,0.0,l c
920,920,Brennan Milone,0.0,0.0,l c
921,921,Robert Stephenson,0.0,0.0,LAA
922,922,Jeron Williams,0.0,0.0,l c
923,923,Nathan Church,0.0,0.0,l c
924,924,Wilfred Veras,0.0,0.0,l c
925,925,Tucupita Marcano,0.0,0.0,l c
926,926,Yeiner Fernandez,0.0,0.0,l c
927,927,Daniel Susac,0.0,0.0,l c
928,928,Cody Freeman,0.0,0.0,l c
929,929,Armando Alvarez,0.0,0.0,l c
930,930,P.J. Higgins,0.0,0.0,l c
931,931,Jamie Westbrook,0.0,0.0,l c
932,932,Ji Hwan Bae,0.0,0.0,l c
933,933,Jose Fermin,0.0,0.0,l c
934,934,Jarred Kelenic,0.0,0.0,l c
935,935,Jose Rodriguez,0.0,0.0,l c
936,936,Willie Calhoun,0.0,0.0,l c
937,937,Danny Mendick,0.0,0.0,l c
938,938,Cesar Prieto,0.0,0.0,l c
939,939,Alex Jackson,0.0,0.0,l c
940,940,Ryan Vilade,0.0,0.0,l c
941,941,Nick Gordon,0.0,0.0,l c
942,942,Christian Bethancourt,0.0,0.0,l c
943,943,Bryan Ramos,0.0,0.0,l c
944,944,Nicky Lopez,0.0,0.0,l c
945,945,Aledmys Diaz,0.0,0.0,l c
946,946,Carson McCusker,0.0,0.0,l c
947,947,Rece Hinds,0.0,0.0,l c
948,948,Carlos Rodriguez,0.0,0.0,l c
949,949,Johnathan Rodriguez,0.0,0.0,l c
950,950,Austin Wynns,0.0,0.0,CIN
951,951,Dominic Fletcher,0.0,0.0,l c
952,952,Keston Hiura,0.0,0.0,l c
953,953,Sam Huff,0.0,0.0,SF
954,954,Garrett Hampson,0.0,0.0,CIN
955,955,Blake Dunn,0.0,0.0,l c
956,956,Daz Cameron,0.0,0.0,MIL
957,957,Rhylan Thomas,0.0,0.0,l c
958,958,Austin Barnes,0.0,0.0,l c
959,959,Bryan Baker,0.0,0.0,BAL
960,960,Ian Hamilton,0.0,0.0,NYY
961,961,Spencer Turnbull,0.0,0.0,l c
962,962,Ryan Brasier,0.0,0.0,CHC
963,963,Tanner Banks,0.0,0.0,PHI
964,964,Robbie Grossman,0.0,0.0,l c
965,965,Dominic Canzone,0.0,0.0,l c
966,966,Juan Yepez,0.0,0.0,l c
967,967,Gage Workman,0.0,0.0,l c
968,968,Liover Peguero,0.0,0.0,l c
969,969,Andres Chaparro,0.0,0.0,l c
970,970,Manuel Margot,0.0,0.0,l c
971,971,Jacob Melton,0.0,0.0,l c
972,972,Hoby Milner,0.0,0.0,TEX
973,973,Dedniel Nunez,0.0,0.0,l c
974,974,Caleb Thielbar,0.0,0.0,CHC
975,975,Bennett Sousa,0.0,0.0,HOU
976,976,Gustavo Campero,0.0,0.0,l c
977,977,Joey Loperfido,0.0,0.0,l c
978,978,Alan Trejo,0.0,0.0,l c
979,979,Eddie Rosario,0.0,0.0,l c
980,980,Brandon Drury,0.0,0.0,l c
981,981,Jose Barrero,0.0,0.0,STL
982,982,Dustin Harris,0.0,0.0,l c
983,983,Drew Avans,0.0,0.0,OAK
984,984,Ryan Bliss,0.0,0.0,l c
985,985,Oliver Dunn,0.0,0.0,l c
986,986,Alex Cobb,0.0,0.0,l c
987,987,Brandon Eisert,0.0,0.0,CWS
988,988,Joey Cantillo,0.0,0.0,l c
989,989,Caleb Ferguson,0.0,0.0,PIT
990,990,Jakob Marsee,0.0,0.0,l c
991,991,Grant McCray,0.0,0.0,l c
992,992,Myles Straw,0.0,0.0,TOR
993,993,Owen Miller,0.0,0.0,l c
994,994,Blaine Crim,0.0,0.0,l c
995,995,CJ Alexander,0.0,0.0,OAK
996,996,Oscar Gonzalez,0.0,0.0,l c
997,997,Reese McGuire,0.0,1.0,CHC
998,998,Troy Johnston,0.0,0.0,l c
999,999,Blaze Alexander,0.0,0.0,l c
1000,1000,Luke Williams,0.0,0.0,ATL
1001,1001,Jose Herrera,0.0,0.0,ARI
1002,1002,Josh Sborz,0.0,0.0,l c
1003,1003,Enyel De Los Santos,0.0,0.0,ATL
1004,1004,Chase Lee,0.0,0.0,DET
1005,1005,Adrian Del Castillo,0.0,0.0,l c
1006,1006,Max Acosta,0.0,0.0,l c
1007,1007,Ildemaro Vargas,0.0,0.0,l c
1008,1008,Max Muncy,0.0,0.0,l c
1009,1009,Victor Mesa Jr.,0.0,0.0,MIA
1010,1010,Luken Baker,0.0,0.0,l c
1011,1011,Scott Kingery,0.0,0.0,LAA
1012,1012,Jonah Bride,0.0,0.0,MIN
1013,1013,Yanquiel Fernandez,0.0,0.0,l c
1014,1014,Tom Murphy,0.0,0.0,l c
1015,1015,Matt Gorski,0.0,0.0,l c
1016,1016,Stuart Fairchild,0.0,0.0,ATL
1017,1017,Tim Anderson,0.0,0.0,l c
1018,1018,Austin Hedges,0.0,0.0,CLE
1019,1019,Connor Joe,0.0,0.0,CIN
1020,1020,Joey Wiemer,0.0,0.0,l c
1021,1021,Will Wilson,0.0,0.0,CLE
1022,1022,Justyn-Henry Malloy,0.0,0.0,DET
1023,1023,Vidal Brujan,0.0,0.0,CHC
1024,1024,Michael Siani,0.0,0.0,l c
1025,1025,Davis Schneider,0.0,0.0,l c
1026,1026,Darell Hernaiz,0.0,0.0,l c
1027,1027,Nasim Nunez,0.0,0.0,WSH
1028,1028,Ryan Ritter,0.0,0.0,l c
1029,1029,Jonatan Clase,0.0,0.0,TOR
1030,1030,Trent Thornton,0.0,0.0,l c
1031,1031,Angel Zerpa,0.0,0.0,KC
1032,1032,Greg Weissert,0.0,0.0,BOS
1033,1033,Hector Neris,0.0,0.0,LAA
1034,1034,Casey Legumina,0.0,0.0,SEA
1035,1035,Brock Burke,0.0,0.0,LAA
1036,1036,Eric Orze,0.0,0.0,TB
1037,1037,Alec Marsh,0.0,0.0,l c
1038,1038,Cam Booser,0.0,0.0,CWS
1039,1039,Keaton Winn,0.0,0.0,l c
1040,1040,DL Hall,0.0,0.0,MIL
1041,1041,Grant Anderson,0.0,0.0,MIL
1042,1042,Jorge Alcala,0.0,0.0,MIN
1043,1043,Tristan Beck,0.0,0.0,SF
1044,1044,Braxton Ashcraft,0.0,0.0,PIT
1045,1045,Paul Blackburn,0.0,0.0,l c
1046,1046,Justin Wilson,0.0,0.0,BOS
1047,1047,Nick Sandlin,0.0,0.0,l c
1048,1048,Eduard Bazardo,0.0,0.0,SEA
1049,1049,Nelson Velazquez,0.0,0.0,l c
1050,1050,Allan Winans,0.0,0.0,l c
1051,1051,Logan Davidson,0.0,0.0,OAK
1052,1052,Martin Maldonado,0.0,0.0,SD
1053,1053,Ben Rortvedt,0.0,0.0,l c
1054,1054,Pablo Reyes,0.0,0.0,NYY
1055,1055,Sean Bouchard,0.0,0.0,l c
1056,1056,Drew Romo,0.0,0.0,l c
1057,1057,Rafael Marchan,0.0,0.0,PHI
1058,1058,Willie MacIver,0.0,0.0,OAK
1059,1059,Leo Rivas,0.0,0.0,SEA
1060,1060,Seth Brown,0.0,0.0,l c
1061,1061,Nick Sogard,0.0,0.0,BOS
1062,1062,Riley Adams,0.0,0.0,WSH
1063,1063,Emmanuel Rivera,0.0,0.0,BAL
1064,1064,Tyler Locklear,0.0,0.0,l c
1065,1065,Carlos Vargas,0.0,0.0,SEA
1066,1066,Edouard Julien,0.0,0.0,l c
1067,1067,Brennan Bernardino,0.0,0.0,BOS
1068,1068,Michel Otanez,0.0,0.0,l c
1069,1069,Matthew Festa,0.0,0.0,CLE
1070,1070,Bryan Hoeing,0.0,0.0,l c
1071,1071,Grant Holman,0.0,0.0,OAK
1072,1072,Nic Enright,0.0,0.0,l c
1073,1073,John Brebbia,0.0,0.0,DET
1074,1074,Ryan Fernandez,0.0,0.0,l c
1075,1075,Kody Funderburk,0.0,0.0,MIN
1076,1076,Andrew Chafin,0.0,0.0,WSH
1077,1077,Kaleb Ort,0.0,0.0,HOU
1078,1078,Erik Swanson,0.0,0.0,l c
1079,1079,Collin Snider,0.0,0.0,SEA
1080,1080,Trevor Stephan,0.0,0.0,l c
1081,1081,Sean Guenther,0.0,0.0,l c
1082,1082,Shawn Dubin,0.0,0.0,HOU
1083,1083,Justin Topa,0.0,0.0,MIN
1084,1084,Luis Garcia,0.0,0.0,LAD
1085,1085,Dylan Dodd,0.0,0.0,l c
1086,1086,Jose Ruiz,0.0,0.0,PHI
1087,1087,Jared Young,0.0,0.0,NYM
1088,1088,Vinny Capra,0.0,0.0,CWS
1089,1089,Will Brennan,0.0,0.0,l c
1090,1090,Christian Koss,0.0,0.0,SF
1091,1091,Brooks Baldwin,0.0,0.0,l c
1092,1092,Tyler Wade,0.0,0.0,SD
1093,1093,Nick Solak,0.0,0.0,PIT
1094,1094,Hunter Renfroe,0.0,1.0,l c
1095,1095,Daylen Lile,0.0,0.0,WSH
1096,1096,Andy Ibanez,0.0,0.0,DET
1097,1097,DaShawn Keirsey,0.0,0.0,MIN
1098,1098,Juan Brito,0.0,0.0,l c
1099,1099,Adael Amador,0.0,0.0,l c
1100,1100,Brent Headrick,0.0,0.0,NYY
1101,1101,Jacob Webb,0.0,0.0,TEX
1102,1102,Aaron Ashby,0.0,0.0,MIL
1103,1103,Joe Mantiply,0.0,0.0,l c
1104,1104,John King,0.0,0.0,STL
1105,1105,Brandon Walter,0.0,0.0,l c
1106,1106,Connor Prielipp,0.0,0.0,l c
1107,1107,Michael Tonkin,0.0,0.0,l c
1108,1108,Scott Barlow,0.0,0.0,CIN
1109,1109,Drey Jameson,0.0,0.0,l c
1110,1110,Clayton Beeter,0.0,0.0,l c
1111,1111,Mason Englert,0.0,0.0,l c
1112,1112,Jordan Wicks,0.0,0.0,l c
1113,1113,Forrest Whitley,0.0,0.0,HOU
1114,1114,Cole Sulser,0.0,0.0,TB
1115,1115,Jacob Waguespack,0.0,0.0,l c
1116,1116,Yerry De Los Santos,0.0,0.0,NYY
1117,1117,Max Lazar,0.0,0.0,PHI
1118,1118,Nate Pearson,0.0,0.0,l c
1119,1119,Kendall Graveman,0.0,0.0,ARI
1120,1120,Jorbit Vivas,0.0,0.0,NYY
1121,1121,Eric Haase,0.0,0.0,MIL
1122,1122,Jack Suwinski,0.0,0.0,l c
1123,1123,Tyler Heineman,0.0,0.0,l c
1124,1124,Casey Schmitt,0.0,0.0,SF
1125,1125,Nick Yorke,0.0,0.0,l c
1126,1126,Miles Mastrobuoni,0.0,0.0,SEA
1127,1127,John Rave,0.0,0.0,KC
1128,1128,J.C. Escarra,0.0,0.0,NYY
1129,1129,Mitch Haniger,0.0,0.0,l c
1130,1130,Chase Silseth,0.0,0.0,l c
1131,1131,Declan Cronin,0.0,0.0,l c
1132,1132,Rob Zastryzny,0.0,0.0,MIL
1133,1133,Evan Sisk,0.0,0.0,l c
1134,1134,Ryan Burr,0.0,0.0,l c
1135,1135,Joe Ross,0.0,0.0,PHI
1136,1136,Steven Wilson,0.0,0.0,CWS
1137,1137,Colin Selby,0.0,0.0,l c
1138,1138,Andrew Nardi,0.0,0.0,l c
1139,1139,Zack Kelly,0.0,0.0,l c
1140,1140,Trevor Rogers,0.0,0.0,l c
1141,1141,Jake Cousins,0.0,0.0,l c
1142,1142,Gordon Graceffo,0.0,0.0,STL
1143,1143,Steven Cruz,0.0,0.0,KC
1144,1144,Kyle Wright,0.0,0.0,l c
1145,1145,Kevin Herget,0.0,0.0,l c
1146,1146,Lou Trivino,0.0,0.0,LAD
1147,1147,Gregory Santos,0.0,0.0,l c
1148,1148,Omar Cruz,0.0,0.0,l c
1149,1149,Luis Contreras,0.0,0.0,l c
1150,1150,Paxton Schultz,0.0,0.0,TOR
1151,1151,Ian Gibaut,0.0,0.0,CIN
1152,1152,Fraser Ellard,0.0,0.0,l c
1153,1153,Sean Newcomb,0.0,0.0,OAK
1154,1154,Shinnosuke Ogasawara,0.0,0.0,l c
1155,1155,Spencer Bivens,0.0,0.0,SF
1156,1156,Matt Bowman,0.0,0.0,BAL
1157,1157,Matt Waldron,0.0,0.0,l c
1158,1158,Daniel Robert,0.0,0.0,l c
1159,1159,Jacob Latz,0.0,0.0,TEX
1160,1160,Sean Hjelle,0.0,0.0,l c
1161,1161,Jonathan Bowlan,0.0,0.0,KC
1162,1162,Taylor Clarke,0.0,0.0,KC
1163,1163,Hogan Harris,0.0,0.0,OAK
1164,1164,Andrew Walters,0.0,0.0,CLE
1165,1165,Scott Blewett,0.0,0.0,ATL
1166,1166,Isaac Collins,0.0,0.0,MIL
1167,1167,Tyler Black,0.0,0.0,l c
1168,1168,Matt Thaiss,0.0,0.0,TB
1169,1169,Weston Wilson,0.0,0.0,PHI
1170,1170,Ronny Simon,0.0,0.0,MIA
1171,1171,Will Wagner,0.0,0.0,l c
1172,1172,Tirso Ornelas,0.0,0.0,l c
1173,1173,Matthew Lugo,0.0,0.0,l c
1174,1174,Taylor Walls,0.0,0.0,TB
1175,1175,Nick Fortes,0.0,0.0,MIA
1176,1176,Richie Palacios,0.0,1.0,l c
1177,1177,Derek Law,0.0,0.0,l c
1178,1178,Anthony Maldonado,0.0,0.0,OAK
1179,1179,Zach Brzykcy,0.0,0.0,WSH
1180,1181,Johan Oviedo,0.0,0.0,l c
1181,1182,Brandon Young,0.0,0.0,l c
1182,1183,Tayler Saucedo,0.0,0.0,l c
1183,1184,Matt Manning,0.0,0.0,l c
1184,1185,Braydon Fisher,0.0,0.0,TOR
1185,1186,Troy Taylor,0.0,0.0,l c
1186,1187,Nick Hernandez,0.0,0.0,l c
1187,1188,Jackson Rutledge,0.0,0.0,WSH
1188,1189,Erik Sabrowski,0.0,0.0,l c
1189,1190,Alex Lange,0.0,0.0,l c
1190,1191,Tim Hill,0.0,0.0,NYY
1191,1192,Marc Church,0.0,0.0,l c
1192,1193,Jose Castillo,0.0,0.0,NYM
1193,1194,Matt Svanson,0.0,0.0,STL
1194,1195,Alex Faedo,0.0,0.0,l c
1195,1196,Jose Leclerc,0.0,0.0,l c
1196,1197,Brooks Kriske,0.0,0.0,l c
1197,1198,Brad Lord,0.0,0.0,WSH
1198,1199,Jhonathan Diaz,0.0,0.0,l c
1199,1200,Tyler Gilbert,0.0,0.0,l c
1200,1201,Scott McGough,0.0,0.0,ARI
1201,1202,Juan Morillo,0.0,0.0,ARI
1202,1203,Franco Aleman,0.0,0.0,l c
1203,1204,Michael Fulmer,0.0,0.0,l c
1204,1205,Ethan Roberts,0.0,0.0,l c
1205,1206,Logan VanWey,0.0,0.0,l c
1206,1207,Chris Flexen,0.0,0.0,CHC
1207,1208,Dauri Moreta,0.0,0.0,l c
1208,1209,Kade Strowd,0.0,0.0,l c
1209,1210,Mike Vasil,0.0,0.0,CWS
1210,1211,Victor Vodnik,0.0,0.0,COL
1211,1212,Cristian Mena,0.0,0.0,l c
1212,1213,Luke Little,0.0,0.0,l c
1213,1214,Nick Loftin,0.0,0.0,KC
1214,1215,Josh Palacios,0.0,0.0,CWS
1215,1216,Jorge Mateo,0.0,0.0,BAL
1216,1217,Tim Elko,0.0,0.0,l c
1217,1218,Gary Sanchez,0.0,0.0,l c
1218,1219,Ezequiel Duran,0.0,0.0,TEX
1219,1220,Andruw Monasterio,0.0,0.0,MIL
1220,1221,Graham Pauley,0.0,0.0,l c
1221,1222,Donovan Solano,0.0,0.0,SEA
1222,1223,Gio Urshela,0.0,0.0,l c
1223,1224,Korey Lee,0.0,0.0,CWS
1224,1225,Riley O'Brien,0.0,0.0,l c
1225,1226,Miguel Castro,0.0,0.0,CWS
1226,1227,Hunter Bigge,0.0,0.0,l c
1227,1228,Brandon Waddell,0.0,0.0,NYM
1228,1229,Brady Basso,0.0,0.0,l c
1229,1230,Anthony Misiewicz,0.0,0.0,l c
1230,1231,Josh Winckowski,0.0,0.0,l c
1231,1232,Elvis Peguero,0.0,0.0,l c
1232,1233,Brusdar Graterol,0.0,0.0,l c
1233,1234,Zack Thompson,0.0,0.0,l c
1234,1235,Luis Guerrero,0.0,0.0,l c
1235,1236,Trevor McDonald,0.0,0.0,l c
1236,1237,Ty Madden,0.0,0.0,l c
1237,1238,Scott Effross,0.0,0.0,l c
1238,1239,Gavin Hollowell,0.0,0.0,l c
1239,1240,Joey Wentz,0.0,0.0,PIT
1240,1241,Zak Kent,0.0,0.0,l c
1241,1242,Chayce McDermott,0.0,0.0,l c
1242,1243,Jaden Hill,0.0,0.0,l c
1243,1244,James McArthur,0.0,0.0,l c
1244,1245,Nick Robertson,0.0,0.0,l c
1245,1246,Davis Daniel,0.0,0.0,l c
1246,1247,Jack Neely,0.0,0.0,l c
1247,1248,Mason Black,0.0,0.0,l c
1248,1249,Paul Gervase,0.0,0.0,l c
1249,1250,Chase Shugart,0.0,0.0,PIT
1250,1251,Austin Warren,0.0,0.0,l c
1251,1252,Connor Brogdon,0.0,0.0,LAA
1252,1253,Kyle Gibson,0.0,0.0,l c
1253,1254,Yaramil Hiraldo,0.0,0.0,l c
1254,1255,Nathan Wiles,0.0,0.0,l c
1255,1256,Carson Seymour,0.0,0.0,l c
1256,1257,Colin Holderman,0.0,0.0,l c
1257,1258,Kyle Amendt,0.0,0.0,l c
1258,1259,Cole Henry,0.0,0.0,WSH
1259,1260,Andrew Hoffmann,0.0,0.0,KC
1260,1261,Drew Smith,0.0,0.0,l c
1261,1262,Tim Mayza,0.0,0.0,l c
1262,1264,Tom Cosgrove,0.0,0.0,l c
1263,1265,Tommy Nance,0.0,0.0,l c
1264,1266,Cooper Criswell,0.0,0.0,l c
1265,1267,Nick Burdi,0.0,0.0,l c
1266,1268,Genesis Cabrera,0.0,0.0,CHC
1267,1269,Carson Ragsdale,0.0,0.0,l c
1268,1270,Ron Marinaccio,0.0,0.0,l c
1269,1271,Nate Lavender,0.0,0.0,l c
1270,1272,Patrick Sandoval,0.0,0.0,l c
1271,1273,Chris Roycroft,0.0,0.0,l c
1272,1274,Jackson Kowar,0.0,0.0,SEA
1273,1275,Travis Adams,0.0,0.0,l c
1274,1276,Eli Morgan,0.0,0.0,l c
1275,1277,Joe Rock,0.0,0.0,l c
1276,1278,Blake Perkins,0.0,0.0,l c
1277,1279,Liam Hicks,0.0,0.0,MIA
1278,1280,Chris Taylor,0.0,0.0,LAA
1279,1281,Kevin Newman,0.0,0.0,LAA
1280,1282,Jason Heyward,0.0,0.0,l c
1281,1283,Max Schuemann,0.0,0.0,OAK
1282,1284,Javier Sanoja,0.0,0.0,MIA
1283,1285,Jake Bauers,0.0,0.0,MIL
1284,1286,Carlos Hernandez,0.0,0.0,PHI
1285,1287,Lake Bachar,0.0,0.0,l c
1286,1288,Parker Messick,0.0,0.0,l c
1287,1289,Hunter Stratton,0.0,0.0,l c
1288,1290,Anthony DeSclafani,0.0,0.0,l c
1289,1291,Devin Sweet,0.0,0.0,l c
1290,1292,Luis Curvelo,0.0,0.0,l c
1291,1293,Gerson Garabito,0.0,0.0,l c
1292,1294,Kyle Nelson,0.0,0.0,l c
1293,1295,Caleb Boushley,0.0,0.0,TEX
1294,1296,Chris Devenski,0.0,0.0,l c
1295,1297,Francis Pena,0.0,0.0,l c
1296,1298,Michael Petersen,0.0,0.0,ATL
1297,1299,JT Brubaker,0.0,0.0,l c
1298,1300,Tyler Mattison,0.0,0.0,l c
1299,1301,Christian Montes De Oca,0.0,0.0,l c
1300,1302,Sam Moll,0.0,0.0,l c
1301,1303,Mason Thompson,0.0,0.0,l c
1302,1304,Colten Brewer,0.0,0.0,l c
1303,1305,Domingo Gonzalez,0.0,0.0,l c
1304,1306,Tommy Henry,0.0,0.0,l c
1305,1307,John McMillon,0.0,0.0,l c
1306,1308,Joey Gerber,0.0,0.0,l c
1307,1309,Cody Bolton,0.0,0.0,l c
1308,1310,J.P. France,0.0,0.0,l c
1309,1311,Brandyn Garcia,0.0,0.0,l c
1310,1312,Griff McGarry,0.0,0.0,l c
1311,1313,Ryan Bergert,0.0,0.0,l c
1312,1314,Alek Jacob,0.0,0.0,l c
1313,1315,Bradgley Rodriguez,0.0,0.0,l c
1314,1316,Sean Reynolds,0.0,0.0,SD
1315,1317,Zach Penrod,0.0,0.0,l c
1316,1318,Dylan Smith,0.0,0.0,l c
1317,1319,Patrick Murphy,0.0,0.0,l c
1318,1320,Blas Castano,0.0,0.0,l c
1319,1321,Albert Suarez,0.0,0.0,l c
1320,1322,Justin Wrobleski,0.0,0.0,l c
1321,1323,Cionel Perez,0.0,0.0,l c
1322,1324,Shintaro Fujinami,0.0,0.0,l c
1323,1325,Yilber Diaz,0.0,0.0,l c
1324,1326,Shaun Anderson,0.0,0.0,l c
1325,1327,David Morgan,0.0,0.0,SD
1326,1328,Jesse Chavez,0.0,0.0,l c
1327,1329,Matt Krook,0.0,0.0,l c
1328,1330,Austin Cox,0.0,0.0,l c
1329,1331,Will Dion,0.0,0.0,l c
1330,1332,Joey Estes,0.0,0.0,l c
1331,1333,Dillon Tate,0.0,0.0,l c
1332,1334,Janson Junk,0.0,0.0,MIA
1333,1335,Alan Rangel,0.0,0.0,l c
1334,1336,AJ Blubaugh,0.0,0.0,l c
1335,1337,Andre Granillo,0.0,0.0,l c
1336,1338,Sam Long,0.0,0.0,l c
1337,1339,Alex Pham,0.0,0.0,l c
1338,1340,Seth Martinez,0.0,0.0,l c
1339,1341,Gus Varland,0.0,0.0,l c
1340,1342,Ryan Loutos,0.0,0.0,l c
1341,1343,Robinson Pina,0.0,0.0,l c
1342,1344,Logan Gillaspie,0.0,0.0,l c
1343,1345,Elvis Alvarado,0.0,0.0,l c
1344,1346,Josh Simpson,0.0,0.0,l c
1345,1347,Jared Shuster,0.0,0.0,CWS
1346,1348,Robby Ahlstrom,0.0,0.0,l c
1347,1349,James Karinchak,0.0,0.0,l c
1348,1350,Justin Lawrence,0.0,0.0,l c
1349,1351,Angel Chivilli,0.0,0.0,l c
1350,1352,Connor Seabold,0.0,0.0,l c
1351,1353,Cody Poteet,0.0,0.0,l c
1352,1354,Tyler Owens,0.0,0.0,l c
1353,1355,Randy Dobnak,0.0,0.0,l c
1354,1356,MJ Melendez,0.0,1.0,l c
1355,1357,Jacob Stallings,0.0,0.0,COL
1356,1358,Derek Hill,0.0,0.0,l c
1357,1359,Brayan Rocchio,0.0,0.0,l c
1358,1360,Christian Vazquez,0.0,0.0,MIN
1359,1361,Jared Triolo,0.0,0.0,PIT
1360,1362,Mitch Garver,0.0,1.0,SEA
1361,1363,Miguel Ullola,0.0,0.0,l c
1362,1364,Rafael Montero,0.0,0.0,ATL
1363,1365,Will Klein,0.0,0.0,l c
1364,1366,Ty Adcock,0.0,0.0,l c
1365,1367,Bailey Horn,0.0,0.0,l c
1366,1368,Ken Waldichuk,0.0,0.0,l c
1367,1369,Emiliano Teodo,0.0,0.0,l c
1368,1370,Austin Krob,0.0,0.0,l c
1369,1371,Adam Macko,0.0,0.0,l c
1370,1372,Anthony Veneziano,0.0,0.0,l c
1371,1373,Tyler Wells,0.0,0.0,l c
1372,1374,T.J. McFarland,0.0,0.0,l c
1373,1375,Jake Woodford,0.0,0.0,l c
1374,1376,Patrick Monteverde,0.0,0.0,l c
1375,1377,Connor Phillips,0.0,0.0,l c
1376,1378,Antonio Jimenez,0.0,0.0,l c
1377,1379,Yosver Zulueta,0.0,0.0,l c
1378,1380,Noah Davis,0.0,0.0,l c
1379,1381,Justin Anderson,0.0,0.0,l c
1380,1382,Adam Mazur,0.0,0.0,l c
1381,1383,Joey Lucchesi,0.0,0.0,l c
1382,1384,Juan Nunez,0.0,0.0,l c
1383,1385,Nick Anderson,0.0,0.0,l c
1384,1386,Braden Nett,0.0,0.0,l c
1385,1387,Elvin Rodriguez,0.0,0.0,l c
1386,1388,Josh Walker,0.0,0.0,l c
1387,1389,Jose Acuna,0.0,0.0,l c
1388,1390,Jesse Hahn,0.0,0.0,l c
1389,1391,Bryce Jarvis,0.0,0.0,l c
1390,1392,Wikelman Gonzalez,0.0,0.0,l c
1391,1393,Justin Hagenman,0.0,0.0,l c
1392,1394,Kyle Nicolas,0.0,0.0,l c
1393,1395,Matt Sauer,0.0,0.0,l c
1394,1396,Luis Patino,0.0,0.0,l c
1395,1397,Jason Alexander,0.0,0.0,l c
1396,1398,Josiah Gray,0.0,0.0,l c
1397,1399,George Soriano,0.0,0.0,l c
1398,1400,Michael Darrell-Hicks,0.0,0.0,l c
1399,1401,John Rooney,0.0,0.0,l c
1400,1402,Michael Mercado,0.0,0.0,l c
1401,1403,Ryan Johnson,0.0,0.0,l c
1402,1404,Dietrich Enns,0.0,0.0,l c
1403,1405,Michael A. Taylor,0.0,0.0,CWS
1404,1406,Jake Rogers,0.0,0.0,DET
1405,1407,Rob Refsnyder,0.0,0.0,BOS
1406,1408,Mark Canha,0.0,0.0,KC
1407,1409,Tyler Freeman,0.0,0.0,COL
1408,1410,Brandon Lockridge,0.0,0.0,SD
1409,1411,Sam Haggerty,0.0,0.0,TEX
1410,1412,Jose Urena,0.0,0.0,TOR
1411,1413,Roddery Munoz,0.0,0.0,l c
1412,1414,Casey Lawrence,0.0,0.0,SEA
1413,1415,Josh Ekness,0.0,0.0,l c
1414,1416,Trace Bright,0.0,0.0,l c
1415,1417,Luinder Avila,0.0,0.0,l c
1416,1418,Connor Thomas,0.0,0.0,l c
1417,1419,Zach Maxwell,0.0,0.0,l c
1418,1420,Touki Toussaint,0.0,0.0,l c
1419,1421,Orlando Ribalta,0.0,0.0,l c
1420,1422,Jimmy Herget,0.0,0.0,COL
1421,1423,Joan Adon,0.0,0.0,l c
1422,1424,Ethan Small,0.0,0.0,l c
1423,1425,Kyle Tyler,0.0,0.0,l c
1424,1426,Easton McGee,0.0,0.0,l c
1425,1427,Doug Nikhazy,0.0,0.0,l c
1426,1428,Chris Stratton,0.0,0.0,LAD
1427,1429,Andrew Morris,0.0,0.0,l c
1428,1430,Isaac Mattson,0.0,0.0,l c
1429,1431,Tyler Zuber,0.0,0.0,l c
1430,1432,Andry Lara,0.0,0.0,l c
1431,1433,Cole Winn,0.0,0.0,TEX
1432,1434,Trevor Gott,0.0,0.0,l c
1433,1435,Carlos Carrasco,0.0,0.0,l c
1434,1436,Grant Wolfram,0.0,0.0,l c
1435,1437,Tanner Rainey,0.0,0.0,PIT
1436,1438,Matt Seelinger,0.0,0.0,l c
1437,1439,Nick Martini,0.0,0.0,COL
1438,1440,Luis Campusano,0.0,0.0,SD
1439,1441,Freddy Fermin,0.0,1.0,KC
1440,1442,Austin Slater,0.0,0.0,CWS
1441,1443,Dane Dunning,0.0,0.0,l c
1442,1444,Carlos Duran,0.0,0.0,l c
1443,1445,Michael Kelly,0.0,0.0,l c
1444,1446,Lucas Gilbreath,0.0,0.0,l c
1445,1447,Julian Merryweather,0.0,0.0,l c
1446,1448,Brett de Geus,0.0,0.0,PHI
1447,1449,Lyon Richardson,0.0,0.0,l c
1448,1450,Eric Reyzelman,0.0,0.0,l c
1449,1451,Bruce Zimmermann,0.0,0.0,l c
1450,1452,Burch Smith,0.0,0.0,l c
1451,1453,Gabriel Hughes,0.0,0.0,l c
1452,1454,Daniel Bard,0.0,0.0,l c
1453,1455,Owen White,0.0,0.0,l c
1454,1456,Tyler Phillips,0.0,0.0,MIA
1455,1457,Anderson Pilar,0.0,0.0,l c
1456,1458,Konnor Pilkington,0.0,0.0,l c
1457,1459,Alex Cornwell,0.0,0.0,l c
1458,1460,Cory Lewis,0.0,0.0,l c
1459,1461,Vinny Nittoli,0.0,0.0,l c
1460,1462,Joel Peguero,0.0,0.0,l c
1461,1463,Jake Eder,0.0,0.0,l c
1462,1464,Sam Bachman,0.0,0.0,l c
1463,1465,Bryse Wilson,0.0,0.0,CWS
1464,1466,Avery Weems,0.0,0.0,l c
1465,1467,Enoli Paredes,0.0,0.0,l c
1466,1468,Diego Castillo,0.0,0.0,l c
1467,1469,Seth Johnson,0.0,0.0,l c
1468,1470,Chris Murphy,0.0,0.0,l c
1469,1471,Reiver Sanmartin,0.0,0.0,l c
1470,1472,Matt Gage,0.0,0.0,l c
1471,1473,Andrew Saalfrank,0.0,0.0,l c
1472,1474,Jordan Balazovic,0.0,0.0,l c
1473,1475,Garrett McDaniels,0.0,0.0,l c
1474,1476,Trent Harris,0.0,0.0,l c
1475,1477,Nick Frasso,0.0,0.0,l c
1476,1478,Cade Gibson,0.0,0.0,MIA
1477,1479,Miguel Diaz,0.0,0.0,l c
1478,1480,Hunter Barco,0.0,0.0,l c
1479,1481,Luarbert Arias,0.0,0.0,l c
1480,1482,Isaiah Campbell,0.0,0.0,l c
1481,1483,Vince Velasquez,0.0,0.0,l c
1482,1484,Oliver Ortega,0.0,0.0,l c
1483,1485,Dylan Covey,0.0,0.0,l c
1484,1486,Yohan Ramirez,0.0,0.0,l c
1485,1487,Tejay Antone,0.0,0.0,l c
1486,1488,Brendan Rodgers,0.0,0.0,HOU
1487,1489,Alan Roden,0.0,0.0,l c
1488,1490,Luis Matos,0.0,0.0,SF
1489,1491,Jose Tena,0.0,0.0,WSH
1490,1492,Brandon Komar,0.0,0.0,l c
1491,1493,Dom Hamel,0.0,0.0,l c
1492,1494,Drew Sommers,0.0,0.0,l c
1493,1495,Samuel Aldegheri,0.0,0.0,l c
1494,1496,Evan Reifert,0.0,0.0,l c
1495,1497,Triston McKenzie,0.0,0.0,l c
1496,1498,Chad Kuhl,0.0,0.0,l c
1497,1499,Carson Spiers,0.0,0.0,l c
1498,1500,Justin Armbruester,0.0,0.0,l c
1499,1501,Jesse Scholtens,0.0,0.0,l c
1500,1502,Kyle Backhus,0.0,0.0,l c
1501,1503,Jefry Yan,0.0,0.0,l c
1502,1504,Oswald Peraza,0.0,0.0,NYY
1503,1505,Randal Grichuk,0.0,0.0,ARI
1504,1506,Max Rajcic,0.0,0.0,l c
1505,1507,Houston Roth,0.0,0.0,l c
1506,1508,Ryan Miller,0.0,0.0,l c
1507,1509,Austin Gomber,0.0,0.0,l c
1508,1510,Junior Fernandez,0.0,0.0,l c
1509,1511,Eduardo Salazar,0.0,0.0,l c
1510,1512,Darren McCaughan,0.0,0.0,l c
1511,1513,Tekoah Roby,0.0,0.0,l c
1512,1514,Kevin Gowdy,0.0,0.0,l c
1513,1515,Joe La Sorsa,0.0,0.0,l c
1514,1516,Travis Kuhn,0.0,0.0,l c
1515,1517,Valente Bellozo,0.0,0.0,MIA
1516,1518,Peyton Pallette,0.0,0.0,l c
1517,1519,Nolan Clenney,0.0,0.0,l c
1518,1520,George Klassen,0.0,0.0,l c
1519,1521,Alan Busenitz,0.0,0.0,l c
1520,1522,Thaddeus Ward,0.0,0.0,l c
1521,1523,Tyler Jay,0.0,0.0,l c
1522,1524,Peyton Alford,0.0,0.0,l c
1523,1525,Dax Fulton,0.0,0.0,l c
1524,1526,Rich Hill,0.0,0.0,l c
1525,1527,Andrew Bash,0.0,0.0,l c
1526,1528,K.C. Hunt,0.0,0.0,l c
1527,1529,Anthony Molina,0.0,0.0,l c
1528,1530,Robert Kwiatkowski,0.0,0.0,l c
1529,1531,Ronan Kopp,0.0,0.0,l c
1530,1532,Connor Noland,0.0,0.0,l c
1531,1533,Eric Cerantola,0.0,0.0,l c
1532,1534,Misael Tamarez,0.0,0.0,l c
1533,1535,Tyler Ivey,0.0,0.0,l c
1534,1536,Dairon Blanco,0.0,0.0,KC
1535,1537,Hayden Juenger,0.0,0.0,l c
1536,1538,Michael Hobbs,0.0,0.0,l c
1537,1539,Deivi Garcia,0.0,0.0,l c
1538,1540,Randy Labaut,0.0,0.0,l c
1539,1541,Justin Yeager,0.0,0.0,l c
1540,1542,Robert Stock,0.0,0.0,l c
1541,1543,Phil Bickford,0.0,0.0,l c
1542,1544,Keagan Gillies,0.0,0.0,l c
1543,1545,Adisyn Coffey,0.0,0.0,l c
1544,1546,Clay Helvey,0.0,0.0,l c
1545,1547,Holden Powell,0.0,0.0,l c
1546,1548,Nick Nastrini,0.0,0.0,l c
1547,1549,Bradley Blalock,0.0,0.0,l c
1548,1550,Carson Palmquist,0.0,0.0,COL
1549,1551,Caleb Freeman,0.0,0.0,l c
1550,1552,Luis Peralta,0.0,0.0,l c
1551,1553,Ryan Jensen,0.0,0.0,l c
1552,1554,Ryan Rolison,0.0,0.0,COL
1553,1555,Hunter Strickland,0.0,0.0,LAA
1554,1556,Sadrac Franco,0.0,0.0,l c
1555,1557,Brandon Hughes,0.0,0.0,l c
1556,1558,William Kempner,0.0,0.0,l c
1557,1559,Connor Gillispie,0.0,0.0,l c
1558,1560,Penn Murfee,0.0,0.0,l c
1559,1561,Wyatt Mills,0.0,0.0,l c
1560,1562,Andrew Vasquez,0.0,0.0,l c
1561,1563,Bryan Mata,0.0,0.0,l c
1562,1564,Drue Hackenberg,0.0,0.0,l c
1563,1565,Kenyon Yovan,0.0,0.0,l c
1564,1566,Jack Sinclair,0.0,0.0,l c
1565,1567,Edgardo Henriquez,0.0,0.0,l c
1566,1568,Hobie Harris,0.0,0.0,l c
1567,1569,Jacob Wallace,0.0,0.0,l c
1568,1570,Oddanier Mosqueda,0.0,0.0,l c
1569,1571,Brendan Cellucci,0.0,0.0,l c
1570,1572,Nicholas Padilla,0.0,0.0,l c
1571,1573,Albert Abreu,0.0,0.0,l c
1572,1574,Randy Wynne,0.0,0.0,l c
1573,1575,Devereaux Harrison,0.0,0.0,l c
1574,1576,Eiker Huizi,0.0,0.0,l c
1575,1577,Jairo Iriarte,0.0,0.0,l c
1576,1578,Shohei Ohtani,100.0,100.0,LAD
1577,1579,Justin Foscue,0.0,0.0,l c
1578,1581,Tanner Dodson,0.0,0.0,l c
